order_id,payment_sequential,payment_type,payment_installments,payment_value
u6rPMRAYIGig,1,credit_card,2,155.77
ohY8f4FEbX19,1,credit_card,1,4.07
I28liQek73i2,1,wallet,1,381.59
bBG1T89mlY8W,1,credit_card,3,14.76
CYxJJSQS8Lbo,1,wallet,1,284.09
kUkQCFPtDvrC,1,credit_card,2,342.02
eV98svHRmPNG,1,credit_card,5,48.71
b2tsoISX5lnP,1,credit_card,1,204.4
O0D3th8M88nF,1,credit_card,3,997.37
yBTGlSf8GGMV,1,credit_card,3,204.62
OoHJ0WBqlxln,1,credit_card,2,57.57
qvrK7ROfp1w6,1,voucher,1,307.86
uNUwbkr3jhfD,1,wallet,1,21.55
j4hiZpWSGa1T,1,credit_card,3,4.18
6J3ZtW3UMsR9,1,wallet,1,257.42
CKtqZeTFa6Ov,1,credit_card,1,50.78
e7xeH7PfGWFM,1,credit_card,1,158.58
y7ICBanZzdHp,1,credit_card,4,162.62
bZFqy2PEMhhc,1,credit_card,1,159.82
ub5scd3uMflH,1,credit_card,1,277.25
yAmRuBPWp1vO,1,credit_card,6,372.19
srKcniC9yOFm,1,credit_card,4,134.66
2Jbr1MhEmkIs,1,credit_card,3,399.22
Tb14VgvCwPuw,1,credit_card,3,42.73
KKm2sesYGRq8,1,credit_card,1,109.59
dwJNR7yxYRLb,1,credit_card,6,97.98
86uPyTFO0VnJ,1,credit_card,4,271.86
KOTqFLF3sprZ,1,credit_card,5,110.12
RQi6usDkH0z5,7,voucher,1,120.47
lRPOThT61ZfO,1,credit_card,1,244.38
25pQorIsT9XG,1,credit_card,2,62.6
CA0KeXrOx4Va,1,credit_card,1,12.1
KnUNh8bnaKd9,1,credit_card,1,17.72
xYh4tcmBf0pq,2,voucher,1,8.13
D5YWaLz32bm9,1,credit_card,3,51.94
XhmzJrChXt1C,2,credit_card,6,215.05
xyukk6AHT526,1,credit_card,4,108.86
8LH9cFjaFFLw,1,credit_card,10,144.31
WCVW0rJ4udYk,1,wallet,1,118.61
pvYF1MU8i064,1,credit_card,1,131.43
bhMwu9M1F3pM,1,debit_card,1,169.39
iUEMkbaTWXER,1,credit_card,1,131.43
sZG0zVMaFAXJ,1,wallet,1,195.62
u49f51uCjN3j,1,credit_card,3,721.74
Whn3HZ9xudbF,1,credit_card,1,175.54
UuMDtqNcmyUC,1,credit_card,1,484.8
v5gjarBxJsbo,1,credit_card,1,803.04
3TVHEQZQTpNK,1,credit_card,1,233.05
hJq9LTbltF0f,1,credit_card,1,419.94
cqbIl6jpDT2u,1,wallet,1,111.21
LB5ptHNQKAFz,1,credit_card,2,41.17
903k3PvOOCNz,1,voucher,1,161.26
cv7Hxy6CHEtO,1,credit_card,1,364.41
CscZnJreINZO,1,credit_card,4,120.12
mG9DF0eoAvGx,1,credit_card,7,107.84
hCbJt8U6Ww3N,1,credit_card,6,409.79
0llz1DKEU0D0,1,credit_card,2,281.26
liA5pvBYs64o,1,credit_card,1,56.87
KNa3m4B9oN3I,1,wallet,1,211.82
KZs2qgGZoOSX,1,credit_card,2,718.09
RtGO0hlWZEvO,1,credit_card,1,357.28
v4xqa1KwmNvE,1,credit_card,2,189.92
LgBjaoAZT313,1,wallet,1,449.29
g2feI21w6ZER,1,credit_card,2,94.06
UXFVXUDBBnN2,1,credit_card,3,9.81
NiYQcWqn2dx1,1,credit_card,8,24.89
uJxv0BlTzZKk,1,voucher,1,289.55
Gnt5P2sMZoDE,1,debit_card,1,191.95
EP3hioG5H9fK,1,credit_card,6,117.62
Qu1j9oOfSK6t,1,credit_card,1,1185.58
eNNSfcB8zJAv,1,credit_card,1,21.13
KBjiJXcRN9WP,1,credit_card,2,56.87
7QE67FF0Om5N,1,wallet,1,136.94
bVYJzm2XCyxo,1,credit_card,2,41.93
blIKUJKqhcAw,1,credit_card,5,259.92
glRonpQa8jMJ,1,credit_card,1,344.53
MHEaSt8SPeoG,1,wallet,1,414.06
cB2f9bMTD38b,1,credit_card,1,170.6
GayOlUb6Vmw5,1,credit_card,6,227.74
DFJtb4hzzmHX,1,wallet,1,170.89
6whGhQyugS0N,1,wallet,1,150.74
9NeeIZEF4rYg,1,credit_card,10,78.18
zyqeRBdn2QIz,1,credit_card,8,620.56
ZPtEC8wwF6WC,1,wallet,1,69.88
n5anh2ES0Qrx,1,voucher,1,68.39
ZAZc30nO7mBG,1,credit_card,1,470.38
2h0BGlUwGRS1,13,voucher,1,85.24
0bLeA89iFL8i,1,credit_card,1,39.52
1jjbu6TXyRch,1,credit_card,1,24.72
amNpLmLRtqds,1,wallet,1,504.11
J3NBaP7MoqMg,1,credit_card,3,617.59
UGOUFp6lOvfy,1,wallet,1,903.81
W1NJYnYkaukv,1,credit_card,1,94.39
mekmxzX7xg66,1,wallet,1,84.68
zgIMZEReS5B1,2,voucher,1,188.85
sqqcJi5UVxtn,1,credit_card,2,463.15
726qzHfAqEZO,1,credit_card,1,61.96
SPsLXC6EZB6w,1,wallet,1,50.39
QLqDouIaUQyr,1,wallet,1,237.31
pKPwllWcu4W3,1,credit_card,1,625.59
8WTKsujGSPr0,1,credit_card,3,89.42
NTvOc3tRPuW5,1,credit_card,1,189.42
Io6QaiAgVYoZ,2,voucher,1,48.75
Xknxc0MlpwU6,1,credit_card,2,371.18
TmyZSJp1HpV7,1,credit_card,1,79.63
GNz6cxwDUyoM,1,wallet,1,160.22
t0EtYo45Wcw7,1,credit_card,1,81.32
uCkWTkJzyQRA,1,credit_card,3,317.95
kHpIb3Vhkr2B,1,credit_card,1,118.17
JHwaDSRd7Yqk,1,credit_card,5,1418.86
PqlLQqphGWMG,1,credit_card,3,217.53
J8Bc43diiiwa,1,credit_card,1,746.65
T4K1lnPN7lH9,1,credit_card,3,24.2
qFGvBA8siR9C,1,credit_card,1,223.3
DTG8rFMgpHXy,1,credit_card,4,113.71
EzLqwURTMESq,1,wallet,1,0.74
VfPfevghWKRz,1,credit_card,1,35.79
RrMH1HzjPDUy,1,credit_card,2,42.5
dgXkaqn9QIyl,1,credit_card,10,317.4
GkihidwfzkNV,1,credit_card,1,238.12
vl4sZM3Me2dI,1,wallet,1,333.48
uKdtgTIV8ML0,1,wallet,1,167.2
Tao6yqzZqR8i,1,credit_card,4,12.65
CRAW5FHTgef2,1,credit_card,5,101.55
hToNiABH0dXp,1,credit_card,10,97.02
mUZI3vHznWIA,1,credit_card,7,142.8
xgFgAUrPUHEk,1,wallet,1,134.32
JgAkkK19yYhw,1,wallet,1,475
3CD8klhI6sv6,1,wallet,1,118.55
yA6ye44VAqXT,1,credit_card,3,1423.54
pshOBIa9uNaK,1,wallet,1,860.4
SpFKAoPp0ilG,1,debit_card,1,33.39
hwV9K6iZVgnh,1,credit_card,4,84
DBPnEuQDFDVb,1,credit_card,10,62.94
CM47ksrL2R8A,1,credit_card,1,284.06
6otDC7qi8cZh,1,credit_card,8,305.78
wq3LDwK546wG,1,credit_card,1,8
w4jk8j2fTnhw,1,voucher,1,320.61
tZoVpxv5FVIH,1,credit_card,1,545.17
tFQGjmZndsM5,1,credit_card,1,1221.39
nblJwrll1AS0,1,wallet,1,129.32
3vx9j3SvRUKg,1,wallet,1,381.32
OPuvw5JcjfOh,1,credit_card,6,116.81
kVpTE6tUo9w7,1,wallet,1,1416.7
NecsYKNR6nba,1,credit_card,4,176.94
fnSFBmKlfG9i,1,credit_card,10,39.9
u2oKzCyv9sav,1,credit_card,1,222.7
OtV6waAZRqcN,1,credit_card,2,342.02
vhdr4kEZVJXi,1,credit_card,3,512.9
kyeIOoUKvoIM,1,wallet,1,187.84
VZvjDMifWUUk,1,credit_card,3,187.08
GewZicdnVU4o,1,credit_card,5,503
paJO30kb5azy,1,wallet,1,96.25
Co6YY9CSER9B,1,wallet,1,665.87
1ADWBenqZlyI,1,credit_card,1,12.26
YKY495iYCoqG,1,credit_card,10,220.63
MV5sovfkXA3U,1,credit_card,2,126.54
jQBSgqRWOpvl,1,wallet,1,294.3
CtWqYNGFXvab,1,credit_card,2,22.86
obrJjCEHkABU,1,credit_card,4,1936.99
BmKm8T53Heik,1,debit_card,1,384.78
WMaeamcmMFS7,1,credit_card,2,95.61
80zasKxvt11B,1,credit_card,2,52.11
HW9Ogje6AlUA,1,credit_card,10,265.5
O3kEwpEBakLG,1,credit_card,1,637.49
TKwhZWStGsmY,1,wallet,1,29.9
I54x5B7ZScB4,1,credit_card,3,36.07
KOrn1FCfjiwG,1,credit_card,1,235.79
RI0Rc1aPQdUs,1,credit_card,4,277.25
q4CIb4iWNj6w,1,voucher,1,43.06
ATrYoxeRKpjR,1,credit_card,1,98.59
k1rQ3PIw3yYp,1,wallet,1,281.52
lD9HnSAxViqE,1,credit_card,1,367.2
PX1ynyV2HPjl,1,credit_card,5,150.99
Gwq3kXZ8MW3c,1,credit_card,1,631.71
W3nEEHGY8aZe,1,credit_card,3,157.28
mpXwWjfPlBSr,1,credit_card,6,3.44
xneeAgYsRUlF,1,credit_card,8,438.18
BRj5e8wXFtYd,1,credit_card,1,1435.97
fuBWf4V2Fw1v,1,credit_card,3,426.25
mpPCmbAGPedF,1,credit_card,3,899.99
yb8LxW1FVkLV,1,credit_card,15,273.54
7s3w2S5NqgHr,1,credit_card,1,236.47
nWpya4oQZL6n,1,credit_card,2,383.5
tytEgIj2Th3J,1,credit_card,3,447.62
Wa1rNI8dP7zs,1,wallet,1,197.73
fIrfCQsEFnE9,1,credit_card,10,123.02
at7rWo8KPYVJ,1,credit_card,1,143.46
PmfjmIs699a5,1,credit_card,10,183.16
Na5LA4dY4q9A,1,credit_card,10,36.23
BunZbvls0n1k,1,wallet,1,320.76
AhUvxUGYsopt,1,credit_card,10,135.1
gI9LiRm1Ryjt,1,credit_card,1,0.91
E93Sn1q2YqAV,2,voucher,1,5.75
FrByV3btkMWv,2,voucher,1,25.27
8J2PSZX0Qado,1,credit_card,6,223.72
47UxbbQPIt5G,1,credit_card,8,212.36
ojnrE1j1yZNk,1,credit_card,5,674.87
bCo6YkJgUmME,1,credit_card,1,189.92
DKYTTXy6VhNE,1,debit_card,1,113.66
nr3yNXzg551L,1,wallet,1,449.29
zErVTquqlznU,2,voucher,1,208.89
vJOB9Yahwavl,1,credit_card,1,405.83
tJN8rPKqcCsC,1,credit_card,2,1025.05
jap0obJnnAmy,1,credit_card,1,267.8
B1SS9cXxCf43,1,wallet,1,180.93
KXDoKZReRLYT,1,wallet,1,304.5
J20qFvYqnjav,1,credit_card,1,102.12
ODQVs33Hh84k,1,credit_card,1,66.46
xX2UiyxIPZSv,1,credit_card,3,9.27
xiJphil15jpi,3,voucher,1,166.39
E8OuxMoG0Q75,1,debit_card,1,253.07
FABrt78aO16I,1,credit_card,3,165.58
6b03hCPGdqkl,1,credit_card,8,91.58
Jcy2W2E0Agmu,2,voucher,1,33.48
aOYDktekeGQa,1,credit_card,3,155.03
D7VNrgEGCxnU,1,credit_card,3,395.5
rSLWWI0YOkKf,1,credit_card,4,130.07
KYO2H5mu4Wc2,5,voucher,1,33.48
HkhWA2uQbJjR,1,wallet,1,303.4
UEMavvdMBBA8,1,wallet,1,221.79
yCkVMOcqHA1A,1,credit_card,1,118.46
6wadKo4Uu9GE,1,wallet,1,100.76
8mIyPGLbfaH5,1,credit_card,10,465.08
ZEHiCVT7ZSba,1,wallet,1,390.69
oAESSZCHbW0s,1,credit_card,3,251.16
KHgfaMNh9uhy,1,wallet,1,61.02
7Tm4svxqksuZ,1,credit_card,10,928.68
nGdpUMWwEiJW,1,wallet,1,184.89
2MGiPfM1fYce,1,credit_card,10,43.72
V2mJU7eydnfg,1,wallet,1,101.32
DAYUX6uOyR75,14,voucher,1,534.25
boeIrCCs8kim,1,credit_card,4,95.01
EEGYTFIZDfBx,1,credit_card,2,66.13
BihLVZjmyN0H,1,credit_card,1,167.82
1kGGcFSFoKao,1,credit_card,6,230.14
eVFyR1qdF9cp,1,credit_card,2,51.44
ho9aYoyNRGoz,1,credit_card,2,120.28
vsQdmfvAWD0r,1,credit_card,1,425.79
NtSSqXv1Z1Wm,1,credit_card,8,318.96
ksOPq3lpCN7q,1,credit_card,2,245.4
QfDwhACQ23Xr,1,credit_card,5,234.61
u5AJRhmBLQtz,1,credit_card,5,83.22
pX5m0O1CVY5q,1,wallet,1,35.34
jyNEi4sA1XHY,1,credit_card,1,116.58
8WYnlgMCHPfg,1,wallet,1,548.08
YNo05KYxHSkK,1,credit_card,10,203.63
LlxtAAKjt6BB,1,credit_card,1,51.09
PNI2HqlPxVjC,1,wallet,1,107.01
F8EbvNo4GhiG,1,credit_card,2,27.96
oSyS0JoHQjtO,1,credit_card,1,52.15
5AI7yWNtkxDG,2,voucher,1,168.6
9bqV6nH4nfrW,1,credit_card,2,172.39
QWzeukLNfMeF,1,credit_card,1,732.29
mNxi2hOZpFeh,1,credit_card,4,109.3
Fie0ynZ7drmB,1,credit_card,1,4.07
M9fSx7DrrYb9,1,credit_card,3,180.29
Yhkot2w7WEXz,1,wallet,1,139.01
AdQYiwpmbcZs,1,credit_card,3,157.21
6QNUKHTlKzQz,1,credit_card,2,119.38
FXRNx6tgp5qm,1,credit_card,1,539.88
bJx1zp3tvlFI,1,credit_card,1,38.34
yEA6uAyJrtyn,1,credit_card,3,88.72
sWGOVCBlIYpQ,1,credit_card,8,308.81
hTsd7hsjSQkN,1,credit_card,1,252.88
7Z0hXerVDxYV,1,wallet,1,118.79
YeL4SAuZWnm6,1,credit_card,1,131.36
OGBnugiiwsQ7,1,credit_card,1,368.12
cfV2FFpdyahv,1,credit_card,3,46.28
E8AKfhtGs86K,1,wallet,1,351.25
OR0wt8h1DIKb,2,voucher,1,138.7
qHQXGVVCHZYY,1,credit_card,1,70.63
xpfzksDexXMI,1,credit_card,1,489.98
YYNavM4ecDW5,1,credit_card,3,53.51
qUt5sGnfTqfO,1,credit_card,3,367.27
RVEKyUSqDZHV,1,credit_card,1,61.08
FfgsDN9OZGuM,1,credit_card,5,365.74
sMzZJbA97sz8,1,credit_card,4,127.54
oGdO8jGWtiCD,1,credit_card,1,88.49
R4puFrZcycnq,1,credit_card,6,72.18
CetUKkHYgPya,1,credit_card,1,116.95
0d19WT6gAay3,1,credit_card,1,589.92
Biqo21nETaMO,1,credit_card,3,950
hhBKG3qil2KL,1,credit_card,1,241.36
aDnwWyOFhEJ2,1,credit_card,2,605.56
C5Vs4Tb4ozNR,1,credit_card,2,191.34
U1mAeIP72gPD,1,credit_card,1,88.61
DfUyZDa86qO9,1,credit_card,8,296.08
ZskwlJutdrsO,1,credit_card,1,169.94
n2qxYfewEQFx,1,credit_card,20,43.12
HOR4OGRLZFAi,1,credit_card,1,39.89
m1LtjhIB9CsJ,1,credit_card,1,573.78
JXMfAIkr2GMn,1,credit_card,2,40.58
ao8cwuTvK450,1,credit_card,4,23.08
0UBmWOKw8fEf,1,credit_card,3,289.32
jVdQnhB1si7w,1,credit_card,3,239.52
WWw3VcoVGQWw,3,voucher,1,1086.08
Nifv0ug4fbdY,1,credit_card,1,233.8
BUg1mBIQpkwF,1,credit_card,4,358.04
46mQB8D3v9eI,1,credit_card,2,180.62
0DLS5w2AyhwI,1,credit_card,2,77.01
PLRvoLumWbkD,1,wallet,1,67.9
oVRVeW4UOiln,1,credit_card,8,267.16
grIIIXCxNzVS,1,credit_card,10,168.57
sWOapohERXHv,1,credit_card,4,190.04
3zQxmjW6iIQM,1,credit_card,1,176.16
bL1iH5RftKa5,1,credit_card,8,128.24
qMnWT2faWgwg,1,voucher,1,37.12
VtlAs8XD0DsD,1,credit_card,1,32.02
LkbR0ufbuMHg,1,wallet,1,106.56
V8k8G52pXF97,1,wallet,1,97.95
pmsiX0dmE1rH,1,credit_card,4,90.74
roLFENE2HITq,1,credit_card,1,38.75
FrhdrgQs3oNw,1,credit_card,3,57.64
3llJ3o8c2vXh,1,wallet,1,112.56
6gqB9L4H6mTT,1,credit_card,3,52.82
rkEDCr6cFVPU,1,wallet,1,329.34
ZEA7QmAPMVfg,1,credit_card,4,699.62
TJoDeQ2Xlz5v,1,credit_card,1,128.61
Tyqe3VkvE2ia,1,credit_card,1,97.98
ozLF9m7eEm98,1,wallet,1,375
JXMbT6I9MNoO,1,credit_card,1,27.57
RHC6EUl5JcR5,1,credit_card,8,407.67
DwOeec3mPOL9,2,voucher,1,49.91
1LQsht0oRLjV,1,credit_card,10,235.69
DhYtehGRi5Ft,1,credit_card,2,196.46
Od8slGuu4iXb,1,credit_card,3,96.3
XnBRhcE8kuI9,1,credit_card,3,1816.34
wwYVWXIl3qEc,1,wallet,1,128.65
4pXD71R3zOzN,1,credit_card,1,657.05
K0NF1wdh0LvK,1,credit_card,1,461.51
6UsiVOKddOkD,1,wallet,1,12
hVDdZER4kLPK,1,credit_card,3,255.24
bHH5GqG5l1Z1,1,credit_card,1,77.01
hj982ZHuOpX2,1,credit_card,1,101.15
xmetOCIiW5xA,1,credit_card,4,389.43
AqBRn45qEWbc,1,credit_card,1,389.31
dIqUTmB6GAfq,1,credit_card,1,173.82
giwiJ531UruF,1,credit_card,1,63.38
5qBwZDA0LlFC,1,credit_card,1,21.16
SSWdznwYcP3H,1,credit_card,5,43.98
wRnAjbJ6jnUf,1,credit_card,1,256.6
I7EQbnwm1Q63,1,debit_card,1,619.44
cRMM1epfDvSR,1,credit_card,2,200.04
fuEVwCKcg8U1,1,credit_card,10,28.22
hQ9yfvzfLbcw,1,credit_card,3,90.74
VLa5YZFj2W0i,1,voucher,1,1166.43
DTJdNewgAKSE,1,credit_card,10,29.18
0XMCKHWULwyS,1,credit_card,1,29.05
g8ZrY2zT7ya4,1,credit_card,2,129.42
GOKkBcX2MRRC,1,credit_card,1,39.14
g8AatMWmKGPw,1,credit_card,1,9.31
1VAo82Ufuaol,1,wallet,1,315.66
0DF59MmccPv4,1,credit_card,1,66.7
10rJ5Zmskknk,1,credit_card,1,186.46
Zcvs2Y4jT91x,1,credit_card,1,30.3
VLMKKFKzUVf2,1,credit_card,1,87.76
U39IZgP9B2Pr,2,voucher,1,39.69
zwBAkVYfxyyQ,1,credit_card,6,133.27
4dGL3OCJqVkG,1,credit_card,8,263.78
iJXWaA3D3LXT,1,wallet,1,106.97
r8I48M6OwJcP,1,credit_card,1,170.94
PQyDjW5Yhmam,1,credit_card,2,94.43
3pCApHYAqA0t,1,credit_card,8,93.02
27m5wByUrmwi,1,credit_card,3,110.76
lkENMnhS0Mue,1,credit_card,2,127.04
OWudByJ0dr8x,1,credit_card,4,530.47
TQf1axf2lHVQ,1,wallet,1,438.26
iwqRFnkT6L9F,1,wallet,1,438.22
X09r1IAJN74u,1,credit_card,1,233.05
fDq8lkNRbhjT,1,credit_card,1,206.32
pthAHR3zwX1k,1,credit_card,3,131.03
dqLJMOWoxGtr,1,credit_card,2,354.23
4RqmOiHxYk5j,1,credit_card,2,242.1
WKD2izUQvi6X,1,credit_card,1,219.46
kF1s9JGOD3SG,1,credit_card,2,340.24
hZvtvOu6GZ9X,1,credit_card,1,147.73
iC6vks75waN1,1,wallet,1,506.46
ATo4U0L18MV4,1,credit_card,1,1016.06
ThqqOmxw1IuW,2,voucher,1,355.58
7K3rCKgQmI5v,1,credit_card,2,217.82
LombvAfyS2hZ,1,credit_card,2,128.22
rGp7A3FZPgjV,1,credit_card,2,177.44
PA5kLl3m686D,1,credit_card,1,89.61
rIobcSQlTAIN,1,credit_card,3,117.43
sQmJgSBLPonq,1,credit_card,1,365.85
bhpKla1yGfy8,1,wallet,1,210.54
YAEyeHY8GiXF,1,credit_card,1,183.56
FUhKtZT2K0Im,1,credit_card,3,217.82
YMfgkNmDC5X2,1,credit_card,4,1710.18
D26ZAsmExW98,1,credit_card,2,401.09
uWothCpUmPXk,1,credit_card,1,55.79
Z1nz0kUUoHho,1,credit_card,2,162.7
rR0Zp9oGMM7X,1,wallet,1,187.53
n3qPTf4Z5GHE,1,credit_card,2,500.17
8B9D23A6KuJE,1,credit_card,4,1130.03
AGIPGCIf811D,1,credit_card,4,401.09
BVjnauNHsi9I,1,credit_card,1,63.78
aXRVCAK6zK0x,1,wallet,1,163.85
g9TR3ScQLhNJ,1,credit_card,4,340.04
4qwPCoOeF6u1,1,credit_card,5,61.12
SqBjEWXOdARn,1,credit_card,1,98.43
gmBqwCtFPGJA,1,credit_card,2,279.38
lu7SqEkTkyUy,1,credit_card,4,531.73
6Y0NFk6NUvGl,1,wallet,1,288.88
DPRRGG9csbKJ,1,credit_card,1,128.54
7BjykpQE7QRT,1,credit_card,10,505.12
SmMitqaEsuWO,1,wallet,1,328.76
7HwO6wJIYehF,1,credit_card,1,1003.76
qR7cDAcwcTOq,1,wallet,1,95.01
rcCgzGeUV0tH,1,wallet,1,683.97
i9OYulaEKdyi,1,credit_card,1,363.2
36kRQWTAsprF,1,credit_card,8,91.12
2dWPVJZxwi1t,1,wallet,1,318.25
H2sbmSsuHq2V,1,wallet,1,233.46
xj31p7wHOd6X,2,voucher,1,145.48
SoQynNVGWmGN,1,wallet,1,52.33
9U8Q6btOgIlI,1,credit_card,2,16.28
NQuyw3LJgPgc,1,credit_card,5,328.72
Re014mariwwi,1,credit_card,6,1006.77
djhHtQyPdTWI,1,credit_card,6,104.89
vgZoQIXiEWps,1,credit_card,8,131.43
FBBEfDzPKZG9,1,credit_card,1,389.45
PmtQlxTGKPcA,1,wallet,1,305.43
t4nJirEExSQ1,1,credit_card,1,666.68
6pnw4hyUDAML,1,wallet,1,301.35
8imv30tsvjS6,1,credit_card,1,165.25
AN0LPeDjWUza,1,credit_card,4,148.17
iuJIJeB4vf0M,1,credit_card,6,66.1
v6heTvA4ecgM,1,credit_card,1,235.19
2z0J1TsDQcfv,1,wallet,1,782.26
TeZ0nzyvsRRN,1,wallet,1,255.08
bY2cGOI6XpVK,1,credit_card,2,271.28
NzTOIsBiUKrl,1,credit_card,2,152.04
aVIcG7VKLPWV,1,credit_card,4,166.62
VFDder0yq9I9,1,credit_card,4,806.69
8GeclE4Rp2QR,1,credit_card,8,196.74
mlof9iBBk8YB,1,credit_card,3,103.83
cl0NeDXDu7fb,1,credit_card,3,94.21
GFTwjcw6q56j,3,voucher,1,61.02
9KtbBt5zy7sx,1,credit_card,2,254.76
eWUac9oeh1tv,1,wallet,1,274.81
8lM7XW1XJ9eM,1,credit_card,10,4.45
y9rnhHHoMPVi,1,wallet,1,4.88
9HRvyYtiYj08,1,credit_card,2,201.53
RXr0Pq0a2arg,1,credit_card,8,145.95
2QIVkkyZ8RSQ,1,credit_card,6,102.41
V31QKgYddF4p,1,voucher,1,34.79
VTZa4KTg0syY,1,credit_card,2,73.05
t11DDNtIIXGr,1,credit_card,1,118.79
tCK55o06SO34,2,voucher,1,30.09
aHzSMYk4vQMK,2,voucher,1,107.55
BUPnDHEpTEYw,1,wallet,1,170.34
P3Yh81rTtDQb,1,credit_card,8,440.17
7StTr6G9uVcV,1,credit_card,1,157.46
p8erECFNyNYX,10,voucher,1,25.49
L3T6OJnjTlXb,3,voucher,1,727.98
N3fIfitoQtmP,1,wallet,1,542.66
43VT6pfqVWQq,1,credit_card,2,86.96
Rmc3vFluFqEi,1,voucher,1,206.2
USsox4oIQaVK,1,wallet,1,91.48
e2rxoTN4dHYl,1,credit_card,1,50.17
e0odnJSmEDtd,2,voucher,1,193.47
KyhVyjIwoxUR,1,credit_card,2,173.89
4BD1mwqdmeWP,1,credit_card,1,80.85
1HoooFCAAipF,1,wallet,1,428.08
ujfwoQlALhEM,1,credit_card,3,55.43
DU2VQZyo6GkN,1,credit_card,6,94.42
hSaoyGZch9Z5,1,credit_card,1,192.83
yeJWwvlsVv2K,1,credit_card,6,70.11
Kzj2zW9ALdOn,1,credit_card,1,164.83
oDs5nEXNL9lV,1,credit_card,2,255.97
lDzWKIMnMQRe,1,credit_card,3,62.04
qVNLeUroeLzd,1,credit_card,1,539.94
hpGrV8BgZ2Ga,1,wallet,1,9.84
DSy03UmxuvNm,1,credit_card,6,74.29
cItVrkN9oiVK,1,credit_card,1,243.01
OUvkNi0sA2ks,1,credit_card,6,25.67
0gQui6LvlU5t,1,credit_card,5,87.96
pLZBIXXoQDrD,1,credit_card,1,211.16
NKyiiSfrgbEE,1,wallet,1,53.33
JfzZhp0Tjdhv,1,credit_card,3,75.73
dfHIK6FiSMJK,1,credit_card,1,249.39
1GD1ztHSEY89,1,credit_card,10,151.15
4EL6KRUybg09,1,credit_card,5,313.93
AkmfCk8R06qD,1,credit_card,2,68.37
m68ISWKzviHJ,1,credit_card,1,139.68
Jb47A3Af9mi8,1,credit_card,4,371.14
DZ1MJcaivJ1A,1,credit_card,8,211.26
iuKcjULhAbtK,1,credit_card,15,338.51
yGcapJ36OCQA,1,credit_card,3,197.06
3XiC2Rlo50Iu,1,wallet,1,212.01
dgq4y5ziFJlc,1,credit_card,2,114.58
uMol3qcCJYDk,1,credit_card,5,36.96
VgblKNAeuaYZ,1,credit_card,5,36.39
rRyw0Uv2s6Cr,1,credit_card,6,282.18
ieDqh6AghnQ1,1,credit_card,3,183.56
TSmP7B9NYZQR,1,credit_card,1,256.24
x1curOgPTqWp,1,wallet,1,98.69
Ee96ATLQSWKh,1,credit_card,10,515.08
DmUUzfXyVm69,1,credit_card,1,306.63
fnUhOd9v4vy9,1,wallet,1,175.23
58RjiVzxQUqW,1,wallet,1,328.08
7Xkh6efI4nRr,1,credit_card,1,307.86
1S0V4zm14Sl7,1,credit_card,6,732.68
yJ9AvqhRv87m,1,credit_card,9,251.82
Hh2i308tChyu,1,credit_card,1,386.46
OX3PAIf1m6fY,1,credit_card,3,131.97
CRz9uZubKDHr,1,credit_card,2,112.1
YZrS899bLEhp,1,credit_card,4,125.84
Dy6W5P61hOwE,1,credit_card,9,142.23
ZN2K6DbGxXmu,1,credit_card,1,138.28
z0ppW11jMOEz,1,voucher,1,255.33
my5M3Y1O81eH,1,wallet,1,103.73
ZCUmP89tgwn8,1,credit_card,1,271.08
xGteaEANe0M8,1,credit_card,2,203.34
RY18bAQlLAQ8,1,credit_card,4,2073.25
KbdHRyE4Ok8u,1,credit_card,1,48.05
44iBM5ddZAsc,1,credit_card,1,119.67
wDxGhxIhiaWl,1,credit_card,5,67.95
zrzHXZTUzOfx,1,credit_card,10,106.17
XL3tqSGhuACw,1,credit_card,1,148.93
0tQNH5yMQnRR,1,credit_card,2,35.49
HMibbC4n9Us9,1,credit_card,2,209.1
GXDPr1j1Ts2p,2,voucher,1,689.93
TuYYbacjEAIo,1,credit_card,1,57
qCyo7rwAzOOQ,1,wallet,1,163.43
k4DMOE7CQOYf,1,credit_card,5,227.83
nZzXZ18fOglg,1,credit_card,1,3024.08
zO3o5CWKRQHt,1,credit_card,10,320.96
KaBuciUjz8gx,1,wallet,1,175.57
DPkBB5UwdO20,1,credit_card,2,423.13
Q7XE8hJj6E2t,1,wallet,1,36.64
Kceb90mhL8ES,1,credit_card,6,5.78
QNVf567QxsCo,1,wallet,1,135.71
yTxwFIsk9dtg,1,credit_card,10,375.93
NJL5pw4RWM7D,1,credit_card,4,42.82
JtNzDxuzkRxr,1,credit_card,5,248.94
4GUbLR1aPK9d,1,credit_card,7,291.12
IzNblTWVwQAa,1,credit_card,4,242.12
DHH11XdNlWxX,1,credit_card,8,686.02
ybfGUmIVyYyg,1,credit_card,5,129
S604A9iIoCwI,1,credit_card,3,221.16
zT4J82bYPvE2,1,wallet,1,134.38
dqPjUcXODdly,1,credit_card,1,51.42
WgNOCMuHd9W6,1,credit_card,1,67.73
Uxz0vOb2sQDR,1,credit_card,10,118.59
49MdL5vZ7jIE,1,wallet,1,421.12
NprVssoIK8Rn,1,credit_card,2,208.02
6vSwBHhBtz0y,1,credit_card,5,138.85
vEPbz2whQgxU,1,credit_card,1,459.5
GeUtNVVEd1XT,1,credit_card,2,161.84
7sAifSXQ23RD,1,credit_card,2,957.6
9h3jzfDGdP1c,1,credit_card,1,294.91
gzStAybJTkfz,1,wallet,1,219.23
gJPseMs1Hakn,1,credit_card,7,30.85
kS4yjVPtRevK,1,credit_card,1,364.46
1UnYItSfNnuH,1,wallet,1,224.32
Gm95at56Nqu6,1,wallet,1,44.11
J2b5mZIZPrkV,1,credit_card,3,28.09
U5rtf6WMOznU,1,credit_card,2,194.65
6wQfFGHYwe14,1,wallet,1,486.56
pMLsg8ksI7gw,1,credit_card,1,76.36
aXnQTdIQS2og,1,credit_card,2,558.68
OuJjwLz5wP6k,1,credit_card,3,1301.01
IGaqiwC7EyOt,1,credit_card,2,173.47
sKyNRwRqkYZ1,1,wallet,1,228.43
1MmVLtvdY0P7,1,credit_card,1,112.15
V9tbrcGpy6jb,1,credit_card,10,368.28
oBEbcurgbbMq,1,wallet,1,85.77
yRS6Z2VAVoBh,1,credit_card,3,1016.06
WufIJL1JEM1S,1,credit_card,1,49.12
ihTw90B7Ce4l,1,voucher,1,292.24
3SwoXHKqus94,1,credit_card,6,15.85
wKrkp9mg3oEL,1,credit_card,1,117.35
psogapBvNn70,1,credit_card,1,143.28
gTyLf4leKMK0,1,wallet,1,48.24
vymz5lkzhWAf,4,voucher,1,68.48
5Uz8qKeO91Ss,1,wallet,1,113.02
B3nlGkLw0LjP,1,credit_card,3,81.32
EnlqVmtdGeU8,1,credit_card,10,373.14
Qq1LvTK2Mh7F,1,credit_card,1,39.23
0tKHPrBRUuzE,1,credit_card,6,9.03
r8WZxibP4aZs,1,credit_card,2,257.19
Er35i2CvcftB,1,credit_card,1,307.47
Swr1NW0enI50,1,wallet,1,369.92
XTQvBgr50gC1,1,credit_card,6,255.16
RU9dWom6OeBt,1,wallet,1,710.48
eL2LcStVJsVE,1,credit_card,4,902.03
6XOzvoFezTKL,1,debit_card,1,62.98
HVcTCpvsfVP2,1,wallet,1,109.76
0nMkaYj8IvYn,1,credit_card,1,76.24
vj9uCrr5eDKe,1,credit_card,3,347.24
TRslIYyjp0h3,1,wallet,1,203.77
J3FzTOnoxl4m,1,credit_card,1,214.13
bCEu75bVXGB2,1,credit_card,1,58.58
9JSRAze9RRFQ,1,wallet,1,90.74
mCrq6aBTiAad,1,credit_card,5,214.16
JCtpaPlN9Ryp,1,credit_card,1,822.16
lNpLTgIw4wgN,1,wallet,1,308.12
ravzKAPrd185,1,credit_card,6,476.52
rJgwGRsaIIY1,1,wallet,1,411.91
itJCIOvIStXG,2,voucher,1,699.94
FcO6TwvkFObU,1,wallet,1,168.19
1ENf37qerWlx,2,credit_card,6,62.42
ujlTLuyFAAhX,1,credit_card,2,355.38
TCGIdZJkerR1,1,credit_card,3,86.06
5Nq56WBuAy60,1,credit_card,6,156.35
OuRJTUWyI9DC,1,wallet,1,90.19
27Ei7tBAzqOe,1,credit_card,3,125.13
Paa6zYSEmIE8,1,credit_card,1,112.97
Wy0TYO40tcyk,1,wallet,1,87.57
I1GWXRpzGcCk,1,credit_card,1,177.77
MgfB4uLCJapY,1,credit_card,3,19.53
B8E2ntS5gbI3,1,credit_card,1,114.3
ydv08rUf8bSc,1,credit_card,2,308.28
sAeq03RRWJlh,1,credit_card,5,426.01
oG25D2KOljsN,1,credit_card,1,131.43
Y4W0BaZ51hK7,1,wallet,1,49.21
r79r8QAd20zn,1,credit_card,10,282.65
xdmOz14WDkNo,1,credit_card,1,140.38
p2w6YRIh2lX5,1,credit_card,2,329.76
y0YXS9WECOsm,1,credit_card,8,218.54
ePUnLQcX378X,1,credit_card,4,30.94
xLv8TCOcDRja,1,wallet,1,222.67
5KikiguTIJxi,1,credit_card,1,650.65
UjWlSsOvMunI,1,credit_card,10,158.83
FcTFYOZdVIPb,1,credit_card,4,55.31
jfawnBBdNXW7,1,wallet,1,42.37
2z3QE8ykS6G6,1,credit_card,3,205.18
hQHdVu2sbmx6,1,credit_card,1,62.78
OpGFeXtdj7nX,1,wallet,1,240.77
0Re5Spb4iFca,1,credit_card,5,617.24
MxmcZw4pFDum,1,wallet,1,333.76
PpeesJBkOaTQ,1,credit_card,2,103.33
2mCF9Qq5JA0K,1,credit_card,2,94.22
Hzc80QNBH5b7,1,credit_card,1,38.25
lvhLGqRpRQ9l,1,wallet,1,446.82
LgX87UjBx5Uq,1,credit_card,7,126.84
vkhyJLZVeDlY,1,credit_card,8,650.81
CXGd1TZ83Lqq,1,credit_card,2,76.83
raY7LnImf4YC,1,credit_card,9,132.19
vfVPJYLuheO1,1,wallet,1,410.26
LSxM8LyaxuCq,1,credit_card,2,364.75
vZqMaYwuLr3S,1,credit_card,2,721.74
PzjRvjkAchRE,1,credit_card,1,147.68
qTSdp389nzzW,1,credit_card,2,373.13
ZINGGVvn67HZ,1,wallet,1,629.17
rDmHn42asc0j,1,voucher,1,173.28
VxUGrNCLLdYi,1,credit_card,5,4681.78
YZpF4vLSjkKn,1,credit_card,2,1165.99
vf6uiRPeifs0,1,voucher,1,209.3
2meHPtH0sBXq,1,credit_card,10,147.53
7Cpbb2Bb2tqE,1,credit_card,3,839.4
SmXZE8ADedCW,1,debit_card,1,148.77
o0MePg6Vsjtd,1,credit_card,8,133.34
ecwltjwbhKy3,1,credit_card,4,335.35
yKDIdgM8WFdz,1,credit_card,3,52.49
9SGLROCyu49t,1,wallet,1,574.77
H5pYnCSFkzXG,1,credit_card,1,158.48
jm7hzoBSH5ov,1,debit_card,1,219.73
E8bEaZ3ToDxq,1,wallet,1,393.84
DY2D9uOFaz69,1,credit_card,3,174.25
ESfNXBWr8K0u,1,credit_card,1,319.81
CwN3m2MlYkT9,1,credit_card,3,78.22
ZBSjSdKIXtxI,1,credit_card,1,141.09
RepFH3apgjvG,1,credit_card,5,55.72
WGSNdmUmB4Eg,1,credit_card,1,177.54
uwMj50GV83BY,1,credit_card,4,658.3
I1SHjNqiPp2x,1,credit_card,1,309.35
wQIC1Fv3kbNv,1,credit_card,1,109.72
M1CD6MRDtElk,1,credit_card,3,1351.94
2pAHDYulNpS4,1,wallet,1,51.26
5HzkXb6bsoEK,1,debit_card,1,126.88
fsgOD7KhUPbC,1,credit_card,2,210.73
VXAtLHTyJfnb,1,credit_card,1,38.42
33hf9BeM2xsl,1,credit_card,1,132.53
VMY9b55qOBfr,1,wallet,1,127.22
8s6FihqV8Med,1,wallet,1,56.09
vDSaCBPcQ3Ie,1,wallet,1,326.94
UBQ1SPANGRyw,1,credit_card,1,274.24
5uzvoibX8FHC,1,voucher,1,364.46
VqyZ6AUjmqsW,1,credit_card,10,581.68
dcRmdVPaLbev,1,credit_card,1,173.28
cl3E8qDk7F1J,1,debit_card,1,6.44
K7LYTRlYmqtl,1,credit_card,8,3.5
bk8FRhBPYMRp,1,wallet,1,171.74
IKTPbNd2qqVT,1,credit_card,1,90.79
BdGzmn2R6z0l,1,credit_card,3,85.76
frlMnNZkwIfK,1,credit_card,1,91.3
vkJkawHwMxHz,1,credit_card,2,530.47
MkclTFFe4Mf5,1,wallet,1,192.41
XZqvwXONvpUO,1,credit_card,6,245.57
txD5t3ZhTLa1,1,credit_card,2,452
ZcGHN6kqHOhf,1,wallet,1,254.24
kRLCwzhXYIob,1,wallet,1,618.28
WQMrpWAFf987,1,credit_card,2,591.88
LsXC0OpFSno8,1,credit_card,7,20.64
KpzPtypPHb4n,1,credit_card,2,80.61
qg2zjaeExjFd,1,credit_card,6,440.16
9La1YDy9PDH7,1,credit_card,8,175.32
NSa3Od0wvDIf,1,credit_card,2,59.49
UtCLDzcPKksZ,1,wallet,1,416.48
FmcDEeFEMirN,1,credit_card,5,213.38
L5XVCh28ClDT,1,credit_card,3,45.96
vnESuMvq0gJ7,1,credit_card,4,42.54
J7spWAMqSQ0u,1,credit_card,8,238.34
07B7qmxrDGYe,1,credit_card,5,221.86
av6Tdw2WjbKI,1,credit_card,4,51.8
ZiMlNZS9dLPd,1,credit_card,7,26.42
SEhajO7m1yIV,1,credit_card,1,342.56
tZTPLoywD0xj,1,credit_card,8,291.72
9RuJH0PRjrgX,1,credit_card,2,190.45
nIzOcud2amwA,1,credit_card,1,811.77
cmiKKR0A9HSt,1,credit_card,1,269.21
mbN9roprNTCw,1,credit_card,1,62.48
RhENPdobe1Q2,1,credit_card,1,320.07
tB8HzdNROffu,1,wallet,1,17.56
G85buXQCXYiN,1,credit_card,3,133.46
M067kENOsvgu,1,wallet,1,126.64
zNEu6j2vBjPW,1,credit_card,5,232.95
afX9uxRMN8Jc,1,credit_card,12,135.97
8BF8oYtscDaU,1,credit_card,2,14.98
znQ2QzFWmdUe,1,debit_card,1,228.67
rHYNNu059nhA,1,credit_card,5,721.74
qTXw5zbyqjpU,1,wallet,1,379.2
PCtHnOq1BC9V,1,credit_card,1,274.65
c9DSxLKcNwi5,1,credit_card,2,208.77
dxK3R5MGW8JK,1,credit_card,5,131.43
ifspIHXw4Vv3,1,credit_card,2,649.82
BhQJxQCNl71P,1,credit_card,2,162.5
jAFPDZeBTGDZ,1,credit_card,3,121.9
9GwHdP5EhH6q,1,credit_card,1,313.93
uDPbKOjxCsAW,1,credit_card,8,40.88
NsRC22nGBQMs,1,credit_card,3,20.65
ceUW9thT4DiA,1,credit_card,2,6.49
Y3WY9sDDUYOx,8,voucher,1,182.98
T8YI85geor0C,1,credit_card,8,84.76
Mf5L5vdWqvve,1,credit_card,3,364.98
SXEMmKlRIQUe,1,credit_card,15,165.97
IFNS2oWKYqbc,1,credit_card,1,188.79
nVHSQkdjou63,1,credit_card,1,181.7
V4Dk9kUic6WX,1,credit_card,3,62.04
isLhxWbTWPQ8,1,credit_card,1,1.18
K4MNFcTqnEps,1,credit_card,1,180.22
vZx4a0MJ3nb4,1,credit_card,3,128.23
x7NglH5TO4GP,1,credit_card,5,284.73
x2Anas9RnahS,1,credit_card,6,83.41
wKKQzb9dAUqX,1,credit_card,10,84.19
h72ROPYf0NZZ,1,credit_card,5,723.2
DANH5wY59VqJ,1,credit_card,1,161.86
TbtsPCw8WQLE,1,credit_card,10,844.98
xXuyshFfSGqs,1,credit_card,7,197.8
hJwNsBgwPR1T,1,credit_card,4,309.33
GdoYJd0L7kQo,1,credit_card,10,195.23
9hWh3oEXIk37,1,credit_card,1,122.65
wNuKbMnVl79G,1,wallet,1,169.17
JpjzehQbDbkj,4,voucher,1,33.48
wxmystJmVnr9,2,voucher,1,193.31
sjsJXS4dqORF,1,credit_card,6,236.3
mQN6gwjdKwDq,1,wallet,1,102.12
Q5PdpLChztLO,1,credit_card,8,8.06
MASBy0tcuRH6,1,credit_card,1,556.24
9LPKszMHCXmc,1,credit_card,1,251.33
Ay2v3IcvnEC0,1,wallet,1,208.51
C189p7vaCR3y,1,credit_card,8,132.47
oorEcQrWBvfl,1,credit_card,3,582.94
pdGMykmFFgDj,1,credit_card,7,5.78
rhdeebCOB6yj,1,credit_card,6,190.2
2JNCYLmdvAH2,1,wallet,1,49.65
L1o7ShmSYfns,1,credit_card,1,545.17
Nwgqc6RT3nva,1,credit_card,6,248.34
UWs6EG8yEllk,1,credit_card,8,256.06
jvf1jaFnBAOA,3,voucher,1,100.33
oBZnpKxgXjOQ,1,credit_card,6,260.46
6loUxcvLjhxa,1,credit_card,1,73.38
20mBCinOeGa8,1,wallet,1,514.6
E0xwRKhuvmc9,1,credit_card,8,486.55
FgH3tZB0TzFU,3,voucher,1,16.67
tz7MStBdMauL,1,wallet,1,128.61
peUUkDpH9uwp,1,credit_card,1,106.62
ZkOEw6dzDevL,1,credit_card,1,456.55
H5OhxoCXXNrU,1,credit_card,10,63.54
JbD5QB5SqOLw,1,credit_card,2,71.5
ycbzhxgrDweN,1,debit_card,1,215.54
nP0NxekWvvRJ,1,credit_card,2,150.12
cAEUtDk6gqka,1,credit_card,1,133.75
aUkfDCtjwPru,1,wallet,1,50.46
aCK1XHHf1fum,1,credit_card,1,58.58
KPBAw17tvH6l,1,credit_card,2,209.37
X8MtryPNwnEO,1,wallet,1,76.5
AuHyI7aHSWWD,1,credit_card,5,68.53
Ya0bKdSRN6cZ,1,credit_card,3,71.14
XCadlMhpZzya,1,credit_card,3,144.18
d02siLyNoFlG,1,credit_card,1,611.12
ksRHlp1aNMKn,1,credit_card,6,56.5
AuFgdyQ6UJEB,1,credit_card,8,916.5
tWUsg1GF5Yus,1,credit_card,1,175.95
rdDyNHlVOW9P,1,credit_card,4,52.37
8iC5QkxZE6H6,1,credit_card,1,608.28
yxQIOnuld7Vv,1,credit_card,7,226.14
xYJiyxsiUE5F,1,credit_card,4,603.3
m5KpxHvzaqjs,1,credit_card,5,596.27
5gehdPGMtZvR,1,wallet,1,159.07
m3Qw1ELsEPTB,1,wallet,1,68.8
1CJT3PJh131h,1,credit_card,10,96.63
ko2sUcaAMFvu,1,credit_card,1,238.25
r5MjD4B2pAqn,1,wallet,1,69.95
EL99Y78lnlDu,2,voucher,1,10.41
KZQmjZDKKrZT,1,credit_card,1,991.09
bQo7VI5x351c,1,credit_card,8,91.03
44v9NPOUgUsH,1,credit_card,12,1628.07
DbtyPnYiP8w7,1,credit_card,1,141.74
Bi61b60fIk02,1,wallet,1,262.38
kGYYO1k29uUn,1,wallet,1,336.31
ehE4rCz4Lk8C,1,credit_card,8,1048.57
ZP4Szmz7yHVF,1,credit_card,2,75.07
YpeuCkJBAADD,1,wallet,1,191.38
wZbKu5eqxBPY,1,credit_card,6,675.77
hlczNrG9OELh,1,credit_card,5,122.36
M95HRGwG9nTB,1,credit_card,3,324.06
wbWST0HtOM9N,1,credit_card,6,174.04
mT8HsPe0k5po,1,wallet,1,133.14
NwwWAkuPNHfJ,1,credit_card,1,666.71
cqahLCkCpvJX,1,credit_card,3,377
hkJ65f3ziGJY,1,credit_card,1,187.37
lRjC3RiT6wre,1,credit_card,1,126.87
W9JhidTkaJPs,1,wallet,1,1257.96
54FbBzdWakyi,1,credit_card,1,64.91
bs9I096kAHZt,1,credit_card,1,158.58
1DXRQXbvV7Yl,1,credit_card,5,812.76
ejc5FFFjFyMI,1,credit_card,6,165.25
pLNRchGrEzRm,1,credit_card,1,331.34
iljarHAQ7ucB,1,wallet,1,226.55
zE18xrJBI42T,1,credit_card,7,62.04
Lp7sq0wBVfdL,1,wallet,1,452.1
78QQHJ9LT2hl,1,credit_card,8,199.7
utfLirOjt9kh,1,credit_card,1,415.44
8KhRrIhsNxvv,1,credit_card,1,31.98
oG3rsFRMPIIP,1,credit_card,6,80
60fp1UUgwlZ2,1,credit_card,1,118.13
AxuCtMBE95Q6,1,credit_card,5,138.04
NeRlDWBFzVrY,1,wallet,1,274.12
Z9Qh4yggjxvA,1,wallet,1,111.51
nuxHMfCTs4o6,1,wallet,1,569.82
GLY89KCY1unu,1,credit_card,2,142.86
qpwK6IF8A40k,1,credit_card,2,80.39
yMY2Q7fAZNGk,1,credit_card,3,76.12
0ab7Qdrfjd6L,1,credit_card,3,29.9
AZNIkMV0GQwc,1,wallet,1,518.59
B4FfW1c4b0RB,1,credit_card,8,715.34
FqNLVRcdxYus,1,credit_card,15,366.52
BayplrPODMi0,1,credit_card,1,128.4
Vlmg9SZ5Upi7,1,credit_card,1,244.38
2uSUNpwYhV1v,1,credit_card,1,6.68
vp5po8LCVV4m,1,credit_card,1,68.56
Wx9yjtwXtWLe,1,credit_card,4,511.63
mDnheEPZyW3r,1,credit_card,1,10.03
3hThD6oeo1LZ,2,voucher,1,215.6
lddROTK2r5Vs,1,credit_card,1,362.39
qpAULIi51jb1,1,wallet,1,112.05
CxXJiEYrWElM,1,credit_card,10,162.36
htJ4x07DRsrb,1,credit_card,2,365.78
4sXpOMZtV10g,1,credit_card,10,33.71
5uCZZa4p5OPV,1,wallet,1,286.17
os0WhWTHd7pE,1,credit_card,1,98.97
8vxqmOm9GOUv,1,credit_card,1,88.75
aSbqZ4T7H01I,1,credit_card,6,192.94
8nlNlb1s8Hz2,1,credit_card,3,403.95
YSu3OASMqGlH,1,wallet,1,651.05
lbTT7IyG6SCf,1,wallet,1,94.42
yHxWGas6fi6v,1,credit_card,8,473.84
wK3k9U3GtUj4,1,wallet,1,111.3
TyCa5422qfaX,1,credit_card,5,134.66
Ip7ffdCaTOxu,1,credit_card,3,69.7
TaskRX14BMqP,1,credit_card,1,41.23
1UGTAHPbG2kx,1,wallet,1,19.37
FXhWHNVgKDSz,1,credit_card,5,129.95
shEj3d5DgnWR,3,voucher,1,145.48
W54T2YFFJXUc,1,wallet,1,29.89
aB7Bdebyo8ip,1,credit_card,1,285.34
EClJffXNHiEc,1,credit_card,1,190.38
mRN3efxRm1xS,1,credit_card,4,43.45
LCP8zwtkVMr1,1,credit_card,1,39.52
Yph35A0IZXae,1,credit_card,4,9.35
WXlkqMhw75jD,1,credit_card,3,80.57
4Jy5T3iRDT8o,1,credit_card,2,780.05
bj02U8rlSvPj,1,wallet,1,286.66
2A8sXputAJ5p,1,credit_card,3,317.24
hPOOw1LD1YUz,1,credit_card,2,77.38
ngScw4MN68oY,1,credit_card,10,909.31
depV0l0jMl1d,1,credit_card,10,224.52
6rlFVOjDbT9C,1,credit_card,5,26.42
dLop23iky8Mt,1,credit_card,5,75.31
agImkwCdcbNy,1,credit_card,3,1221.28
ZoNBB6anMOzd,1,wallet,1,272.61
2rHhjxl9k7FY,1,credit_card,3,36.32
DeLmR1DsjweJ,1,credit_card,2,161.96
s1hryolHTwrs,1,credit_card,1,62.1
fM6yikaWuKGZ,1,credit_card,3,277.86
lWUPRiJDIJkx,1,credit_card,9,164.6
X72gvxrRXB1n,1,credit_card,1,307.3
iIoh82rVV5fl,1,credit_card,3,458.46
lEWBYtCf0o8d,1,credit_card,3,274.88
DCwcZMDAZbwQ,1,credit_card,8,6.71
CYH5IQhhCIbA,1,credit_card,6,248.85
paPE6WXUPHQk,1,credit_card,4,27.93
KSnmPB9Y7bYt,1,wallet,1,649.82
YGPAtH7PQOug,1,wallet,1,124.01
hg5LcnQDjiX8,1,credit_card,1,321.69
wCs4UQYxlt3r,1,credit_card,5,147.37
14MKdSPFBjVO,1,credit_card,10,48.56
GQ0Ghv5emheE,1,credit_card,10,367.26
5yQHdJXAhRXb,1,voucher,1,33.48
lBKaKG4j0ui5,1,wallet,1,72.73
AuPMpf8VOSEl,1,credit_card,1,268.65
aMtwCLHHpoeJ,1,wallet,1,68.83
Ek27mZhuOoA9,1,wallet,1,141.52
MZQasNAI9hMb,1,wallet,1,42.28
B547ckd0Xk25,1,credit_card,1,257.1
V4vVTU7zHvzG,2,voucher,1,406.58
aUXtZtnIPDuq,1,wallet,1,261.37
GVhn8CFjreUV,1,credit_card,8,303.77
Dylnzoiyze7m,2,voucher,1,589.75
tjjVJ48RJRsX,1,credit_card,7,190.38
uHTFX5KZZ552,1,credit_card,1,117.59
cFwiYmJnyB33,1,wallet,1,375.74
HWPeqVNibzfn,1,wallet,1,48.23
Hlt9jp5x4xWS,1,credit_card,1,1293.26
SPk3B4arYlL8,1,credit_card,1,44.36
cxlRG51ZjuQw,1,credit_card,9,16.65
6sif1NcuL262,1,wallet,1,255.24
3QOBUjQztjdg,1,credit_card,7,78.35
zCHVrZ0GHK2Q,1,credit_card,1,37.1
VuMQXK4RMzGG,1,wallet,1,52.83
h3L9OFLCfZKT,1,credit_card,2,51.66
WBzNXQwnvf9N,1,credit_card,2,20.76
ybtQbouyUcON,1,credit_card,1,94.39
A9JeqVL0Pv3Q,1,credit_card,1,53.22
m2EF75bkS4Wg,1,credit_card,4,21.38
SW4Rjkf6N6K5,1,credit_card,8,314.26
26Nqi73tsPdj,1,credit_card,4,252.42
e0BhV0EOs2nG,1,wallet,1,79.16
3U8eAfCvZfvl,1,credit_card,4,436.98
QVxfahPatmer,1,wallet,1,154.54
pTMINIBlhxIU,1,credit_card,3,228.08
LlNbzb0KrAPT,1,wallet,1,128.82
noEO0wUeHCsN,1,credit_card,1,90.6
iHhoOx3ArRMf,1,credit_card,2,588.66
BVYCKGrYYMa1,2,voucher,1,798.53
ZZ2qAKpbDpWM,1,wallet,1,55.6
mBwXjSkuWt5v,1,credit_card,1,363.2
KxNffHUKrdcv,1,credit_card,6,56.22
YulIBaFUj66R,1,credit_card,4,173.02
oQvVlveZFVO4,1,credit_card,10,147.52
zn55MteMunpY,1,credit_card,1,493.65
17Lriecl3D0I,1,credit_card,4,250.61
56POPo3cS9sM,1,credit_card,8,76.06
UAVYeFEzP8K8,1,credit_card,1,224.95
JtdZhLB6hFMi,1,credit_card,2,910.98
O7vNQJW12xAL,1,credit_card,3,80.49
oSto73LMEIGu,1,credit_card,1,22.23
1wxqRGy23Cd9,1,credit_card,5,588.58
tKJsZWGXuwQn,1,credit_card,1,272.59
PxLglhaqHRbr,1,credit_card,2,43.77
iY9YA44fe4cg,1,credit_card,1,24.41
liW6Fgv1Q5yx,1,credit_card,1,71.92
hf6j5LbPu1cS,1,credit_card,5,76.42
bAKWu5HY71B0,1,credit_card,1,633.7
7RUT9m9Ly4k9,1,credit_card,2,188.37
AgKHnVGNbaEV,1,debit_card,1,194.96
Kbrzj70M0WNn,1,wallet,1,18.06
xRGmMz1nfUs8,1,credit_card,4,202.53
B2GjJEgQkP5S,1,wallet,1,222.21
agWkMEYuAUsq,1,credit_card,3,274.97
FiXiQ2jJAOko,1,credit_card,1,249.39
MdyQaF1xjArW,1,credit_card,7,249.76
BW3xumGh8076,1,credit_card,5,188.79
E7q2uEiL6uy3,1,credit_card,1,381.88
AP2YVWUwk4vW,1,credit_card,4,562.25
xGCqeuyxN6yv,1,credit_card,4,187.45
pwnpnTMeyOJL,1,credit_card,1,165.22
88jyWK8UtRpJ,1,credit_card,2,93.28
6xYoUn8Pt5yT,1,wallet,1,100.68
47FTGzwFKp93,1,wallet,1,230.1
kTsy3egNRR4l,1,wallet,1,71.07
WjTifY9aykcZ,1,credit_card,3,9.42
N8ibkTjSoTCy,1,credit_card,6,456.33
EA2ZG62zNeiX,1,credit_card,10,290.15
cNdxjkLseYtJ,1,credit_card,3,559.26
DFX0kbuliZ9U,1,credit_card,6,77.94
3PToRTgOzCru,1,credit_card,7,93.57
8fXKrOp6zwBJ,1,credit_card,8,308.61
MgWhJ1YqWduV,1,credit_card,1,211.89
H2pnbcDMmFd2,1,wallet,1,255.08
0JuqQIwfLYnT,1,credit_card,1,214.87
Imxs1M7UkpcO,1,credit_card,6,279.54
BBc5FPIA3R9c,1,credit_card,1,115.27
LLqcRdy0VeZz,1,credit_card,1,96.81
SowE9v1csziL,1,credit_card,2,375
KHgXIZ1xGqkI,1,credit_card,10,47.14
792LRSjJ5uuh,1,credit_card,5,9.81
kkfISIg14mg9,1,credit_card,2,12.47
xvS6Ks70wTfe,1,credit_card,4,226.86
Q7Y8hj2sHcLh,1,credit_card,1,194.65
GqUfmMlfnZXd,1,credit_card,2,131.58
9Vs3YaSvvMx2,1,credit_card,6,218.36
heFoilJgIicV,1,credit_card,3,509.2
95gzdwNbLfTd,1,credit_card,2,184.92
tMy5T8njSpqz,1,wallet,1,179.04
rAiatkNN66Q0,2,voucher,1,61.06
q43ptBQkqVcX,1,credit_card,3,111.41
nJlm0M7FkKrD,1,credit_card,1,5.52
vzsSTAVxmNmu,1,credit_card,2,476.52
lKh7nPMfdw2d,1,wallet,1,11.62
SI4QK2utwdbo,1,wallet,1,268.15
Bt71dyuIBnJO,1,credit_card,3,211.44
go2QqroS6MHI,1,wallet,1,123.06
eYNAxFGwEI4f,1,credit_card,2,406.6
86fe9mUWhwYa,1,credit_card,3,59.85
us14ToZCQMOH,1,credit_card,1,120.22
1C1YRHrpcLIj,1,voucher,1,530.47
BzGyE4lavXgb,1,credit_card,10,1629.33
TazgqNINXZ2V,1,credit_card,1,26.74
8ZyMLFz2EuBN,1,wallet,1,146.13
kWpj8feBjlVu,1,credit_card,3,372.06
CNJmTXthQGqw,1,credit_card,5,157.8
CMoWvmwof1mL,1,credit_card,1,77.48
3MOxj8mudq4J,1,credit_card,8,72.05
6EjqCvtfHwCW,1,wallet,1,89.45
m0ZRB7wccFd4,1,credit_card,5,34.51
C5XVQtO4UuX4,1,credit_card,2,64.3
dRzqs1Wy3nUP,1,credit_card,1,1472.47
kXBtPluBHGRx,1,voucher,1,66.71
NKLcnd4wQyPl,1,credit_card,6,83.41
Onyoclvf5cuT,1,credit_card,2,90.98
Z1VRTzTIpf3B,1,credit_card,1,78.7
mJPXkB3GII5s,1,credit_card,1,283.62
a1e3CLOCdhUx,1,credit_card,6,38.18
cHJ0MEIE5Cpr,1,credit_card,2,120.69
RpnaPuT6k2ui,1,wallet,1,72.4
Fkr6v8nMqZR5,1,wallet,1,362.93
gAmotee6YwdO,1,credit_card,5,222.86
ckdHU7Rae4nq,1,credit_card,1,291.44
D1VXVvqeUCdn,1,credit_card,5,512.87
hhSgdEFa0dNQ,1,credit_card,1,372.06
0NugXz7CNAqC,1,credit_card,4,90.45
X6e88hgHtpYN,1,wallet,1,180.56
Q10byr5gdSGN,1,credit_card,1,284.49
lZGIlC5bNNTZ,1,credit_card,2,196.55
dj4DctNZhth4,1,wallet,1,1.53
IrdMX8KNw9sb,1,credit_card,6,44.56
XIUkpH9bA2qf,1,credit_card,10,7.64
OAJybnZj9zww,1,credit_card,3,77.21
CzfieEQA2bEO,1,credit_card,1,11.96
zXqpTuIaERHF,1,credit_card,5,17.9
I15zAajUn317,1,credit_card,8,97.27
ubmkK5c3A8Tj,1,credit_card,5,175.78
TCM2e6kDDK47,1,credit_card,1,95.9
QzrJGuYw24zb,1,credit_card,10,39.56
T1CoBLAxBet4,1,credit_card,1,159.2
YC10oOcKCYiQ,1,wallet,1,274.89
vr5fUR5qoLdj,1,credit_card,3,241.02
jGD7Ht9PfIRZ,1,wallet,1,176.71
EXFTOa0KIriJ,1,credit_card,6,80.74
UpJmuRLfyisN,1,credit_card,3,13.13
CKiiyGrNfklY,1,credit_card,2,188.6
BTAU0QKb44Le,1,wallet,1,156.36
YdzHmBND5ckk,1,credit_card,4,174.91
e08ASoDb0oDp,2,voucher,1,36.62
EB3fqX0rhEj3,1,credit_card,2,328.35
nEJSZLDXJlFw,1,credit_card,1,24.7
HhtX1wyl6lgD,1,credit_card,3,361.62
ILUWNdSQKRYT,1,credit_card,4,455.86
m9yEopOg1WHJ,1,credit_card,1,750.49
aSQGjK9nln24,1,credit_card,2,381.48
L8henpiD0HZd,1,wallet,1,71.44
Z6t6hGcFtNcI,1,credit_card,5,1759.26
l6zYbrHhmOQT,1,credit_card,9,267.94
b5llBjz19SBV,1,credit_card,1,530.47
2WJjfsTcJSiF,1,wallet,1,8.99
XOiPYy1YRGgL,1,credit_card,2,69.33
I3mTliYfojwn,1,credit_card,8,209.71
U9CzxASyA4dA,1,credit_card,3,224.78
gnlPnWmWWtXK,10,voucher,1,128.1
eubddakM7h7B,1,credit_card,1,959.96
oIsaiC3amgaE,1,credit_card,1,135.81
0Tj5Lu0OZ2mg,1,credit_card,8,211.98
3wwXY90knHt7,1,credit_card,3,146.23
GEnjEjX8Q65Y,1,wallet,1,192.12
xJ9sj2MYyWWX,1,credit_card,6,173.66
YALoNfTRM8AY,1,credit_card,3,298.98
cGFOCypExeVj,1,credit_card,4,297.49
0a0B5hOofZtY,1,credit_card,1,525.61
05HlfQibjdaI,1,credit_card,5,278.46
kZmwISeqVkKq,1,credit_card,3,192.83
uidPKymE0rX3,1,credit_card,2,436.42
LJ5Z8B9RGXxq,1,credit_card,6,274.99
y1ftNTmRcTx0,1,credit_card,1,191.41
Sm8Khxs2YLxx,1,credit_card,1,255.04
e7u1jJDEhC1V,1,wallet,1,91.05
pE6vs2FWDrnM,1,credit_card,10,68.6
ADpft8F8Hjdh,1,wallet,1,63.59
oLm4TjiLuMRJ,1,credit_card,5,212.49
WAoZxSGU9U5S,1,credit_card,2,80.52
RDFFHiUrZErg,1,wallet,1,153.17
bgoEqjTjnoD7,1,credit_card,1,399.25
pA1r70IqoIw7,1,credit_card,3,197.45
PPNDIe2xTadL,1,credit_card,6,10.69
ttHorFpzlIyI,1,credit_card,1,23.86
lMy95sHz9v8D,1,credit_card,8,73
kVWfUmb7YH2f,1,credit_card,9,395.04
jqCoQha1toAy,1,credit_card,1,0.85
jk1MbQPLCqOA,1,credit_card,1,432.18
DsmFf6HR0fr7,1,credit_card,3,10.77
PDHGnrIHpOTH,1,credit_card,1,209.08
5OxRd6fsdTZk,1,credit_card,6,118.91
9B2C7BqTYjHJ,1,credit_card,5,308.86
bjDfEmgMEDpU,1,wallet,1,86.59
uiT4k1l5p2rF,1,credit_card,8,112.87
eoMAkNbPDEe6,1,credit_card,3,228.24
bNd69LlXmb6B,1,credit_card,2,92.55
sa5f8xFoemLH,1,credit_card,2,291.72
YgNJqCtX17Kc,1,credit_card,1,69.12
YtcfbazLG1lG,1,wallet,1,113.66
NUaeUrz5y2Dk,1,credit_card,7,30.89
iHIdznQ1MNV7,1,wallet,1,75.99
u6OKG4vAONF0,1,wallet,1,125.84
skOWBWpi8a1d,1,credit_card,2,223.3
3UC3gQ6x3xnT,1,credit_card,2,455.49
gfvGqGgbsM0T,1,credit_card,1,91.96
8aenQzLD9Jtz,1,credit_card,1,344.89
sDnywjXX9Ovd,1,credit_card,9,91.19
VxaTT0SCp2Tj,1,credit_card,1,2322.32
NFUpGDCwLMFM,1,credit_card,5,458.56
WrgoxKAoL2Ar,1,credit_card,3,178.4
a6FkXB8GXpMj,1,wallet,1,63.96
D9DfMxLyuS8I,1,wallet,1,26.2
8qv6FVrwGI9s,1,credit_card,2,320.07
3fvUAar1TrEX,1,wallet,1,232.05
tWEDUjAyLHfB,1,credit_card,1,96.77
38sHRdAddNfN,1,credit_card,9,85.98
rOxcQzPke17d,1,credit_card,1,59.13
FH1y0JwZlD7v,1,credit_card,4,90.45
V644kANWdsvV,1,credit_card,3,2.21
HwE4acvLG9Qx,1,credit_card,1,8.59
KHe8e4f74UgF,1,credit_card,10,49.6
xgJnoTQG5L5j,1,credit_card,3,1325.44
DxwkvVOvSVs8,1,credit_card,3,163.47
QEHMXHqTRYbH,1,credit_card,2,110.96
96FRQU1c4Xxp,1,credit_card,1,188.89
kcZa5fyE5ylY,1,credit_card,1,361.96
r5T33k2VvBfI,1,wallet,1,1016.06
LtwT9iUKBmWu,1,credit_card,7,54.15
w5I9OLr1KtRi,1,credit_card,1,166.67
FTH9Ilp4OdpX,1,credit_card,5,195.42
GQVh79uT6xFW,1,credit_card,1,244.06
U9noRbeiI2Yt,1,debit_card,1,536.52
iGhLUPjiKewZ,1,credit_card,1,287.97
m6QTv0PWvR06,1,credit_card,1,297.32
dkWAFxznxrtN,1,credit_card,3,440.49
xy4TNJIcdJRu,1,credit_card,1,236.77
kxNfOlYipKYq,1,wallet,1,163.53
9iwm8pU8x2Y7,1,credit_card,6,278.07
O3MTfuuge85z,1,credit_card,1,252.68
yh1k9xOKQASU,1,credit_card,4,183.22
tKWRNXQfXSDK,1,wallet,1,354.33
WUtxoIE3CBu7,1,credit_card,1,161.36
dZ9S0DhzLD5w,1,credit_card,1,300.83
R6eqKdUH0srw,1,wallet,1,47.54
SFRdCKVpYZ8h,1,credit_card,3,76
yLogQ1xAjFkX,1,credit_card,3,129.38
Xjwih1mqNh9V,1,credit_card,1,94.17
BbOHPhWKoygI,2,voucher,1,625.78
ekKxyyIcZ7d7,1,credit_card,2,1341.45
NCJMUY7KMObP,10,voucher,1,41.42
qGjMvToHENbe,1,credit_card,5,648.9
dQw5MFUvdCBa,1,credit_card,2,372.42
rQTakDlb4UbR,1,credit_card,3,165.59
LM9BrHheGQ8Y,1,credit_card,1,134.96
KeqpZG33Qfxw,1,credit_card,2,168.33
Gi1LY3cZhdgO,1,wallet,1,555.67
4fh63FKBO46D,2,voucher,1,751.17
IDvh16iLn8jx,1,credit_card,1,432.7
AAabGovaMh60,1,credit_card,5,197.84
a9Vexg1DcsL0,1,credit_card,7,103.91
gApJxsGrQIVN,2,voucher,1,14.72
72klhyf3MMDB,1,credit_card,10,78.76
kMiYUZaFXx4l,1,credit_card,5,36.5
SwnTT8uQuzs4,1,credit_card,2,43.07
PVXsSMovph9F,1,wallet,1,189.72
oatd1cbEalSD,2,voucher,1,294.58
3Q7bl6OBBOAo,1,credit_card,1,136.75
8JQ50D1hXOOY,1,credit_card,10,144.18
ktNePpxztpIP,1,wallet,1,16.46
uRTkdxzW3tFY,1,credit_card,1,305.55
4IXzQzZSIFWr,1,credit_card,4,90.45
8sVsJztrkdRb,1,credit_card,5,265.85
pKbPWPC423YW,1,credit_card,3,648.77
iJcKkrjO1Jx1,1,credit_card,8,242.76
g1DjsN9LKldX,1,wallet,1,42.1
5YRm5PKbOCVG,1,credit_card,10,209.21
hYSkmtUmUiWW,1,credit_card,5,39.48
HgbVqQH5knNW,1,credit_card,10,184.78
0Tvm6gpddv2Q,1,credit_card,5,500
3wUOJ9WFARhS,1,credit_card,3,143.24
sKWyoNfsWkBp,1,credit_card,5,256.43
6m0JyuKRxhFj,1,credit_card,10,203.51
3p8HbH04fCL9,1,credit_card,5,67.63
AXtXFdIDkS5p,1,credit_card,1,370.02
sKxEgehu2m7C,1,wallet,1,94.3
Ca48gG9dqcSZ,1,credit_card,1,22.6
23zxwDW5f6aD,1,wallet,1,141.4
UipEl10J2GtK,1,credit_card,5,179.05
0NPkPlw53wrP,1,wallet,1,56.87
XoexxfYZaNWe,1,credit_card,10,153.43
0cNPamkljsmJ,1,credit_card,2,2838.22
NZswvH9ylWII,1,credit_card,1,1173.11
lDTSKAt7rbGz,1,credit_card,8,218.3
88KyjyjmndF5,1,credit_card,1,196.9
cWTYaK0CIDFm,1,credit_card,6,314.39
9sKzLqMqJnRl,3,voucher,1,490.52
wh2632Jedjd5,1,wallet,1,288.82
fFtasElPoYGs,1,wallet,1,209.37
nflHBNjGBwRr,1,credit_card,13,213.72
76P16k61F8ov,1,credit_card,6,69.79
URwcOWdztSKD,1,credit_card,5,868.59
KzavjpyL1jkD,1,credit_card,1,1300.57
O7Ia9a878SVT,1,credit_card,1,249.9
qQSAwdX1miY8,1,credit_card,8,237.59
85gxwtlD7tyv,1,credit_card,1,1517.7
W8vNgTpUbYtf,1,credit_card,2,170.34
S1uqbdAHS9aM,1,credit_card,1,277.25
vUSlpKghr4RR,1,wallet,1,11.66
Ozk6gbAtV2AF,1,credit_card,5,48.33
JdDHcTSBjQsS,1,wallet,1,51.27
6s4ZjbMv5dRP,1,debit_card,1,35.15
vIw8HxerAnWM,1,credit_card,10,137.6
TKjjKCv2Fpqe,1,credit_card,2,89.24
4ZNevM7n9ifj,1,credit_card,1,498.57
mQ1EOrsliRFP,1,credit_card,2,49.54
4uo03zCtjyM3,1,wallet,1,26.88
ZWEsDVBaIJyf,1,credit_card,1,272.22
O1dYqz1E1I0H,1,credit_card,3,176.2
tSaYYkwPfwo5,1,wallet,1,69.61
ogusJdcu8TaR,1,credit_card,1,16.95
w7hep7Jm45q1,1,credit_card,1,206.69
adsX2toOTfut,1,wallet,1,58.79
SeMwpKKRToDp,1,credit_card,2,301.37
KuZoE9Mr8sna,1,wallet,1,546.03
d9cWUYxzPNbN,1,credit_card,3,79.02
4GvVCk6L6ILI,1,credit_card,10,334.29
uHWmoxBfJl0Q,1,credit_card,5,102.6
hjXu3D8eHx5d,1,credit_card,1,820.62
3LPGjMHzqeuH,1,credit_card,6,118.59
Pt0zMRgPOhwB,1,credit_card,6,11.33
s668iJWiKLVp,1,credit_card,1,79.05
68g6h1PhBRTr,1,voucher,1,406.65
jy8txcpUynm1,1,credit_card,1,96.05
9qKoM5jzs5Wd,1,credit_card,10,419.88
BUludhBjND12,7,voucher,1,124.79
whvDaZB6jW5E,1,credit_card,2,128.01
a13f15qpmkZK,1,credit_card,2,103.49
I0anPCzRvUxB,1,wallet,1,86.82
nAP6BSwfylUt,1,credit_card,1,110.47
9um0IHSRNePh,1,credit_card,3,347.79
sI53nV5QHdkt,1,credit_card,3,170.58
Lvl4s5Gub5cF,1,wallet,1,351.69
nIroFeTXZHvN,1,credit_card,1,223.08
ubMeOWFsTFQz,1,credit_card,1,1821.82
yvJ8yAwofpuF,1,wallet,1,681.84
KiBGaHvqkxBw,1,credit_card,7,175.16
HNkQUlZ43lb3,1,credit_card,24,526.36
IAZLEiIEi57M,1,credit_card,10,1222.8
vnTWc9hbpJOl,1,credit_card,1,469.89
YXxstqKEBvha,1,credit_card,4,204.12
bDuo6a40dA7h,1,credit_card,6,67.17
CrDx0gk2pNzp,1,credit_card,6,436.92
JJUg6OMhduxM,2,voucher,1,326.92
ilUsHzutNMwP,1,credit_card,1,278.43
iuTmfVN864Bb,1,credit_card,1,1435.97
hOtfR4Zes2Pj,1,credit_card,1,109.07
7eS0ldpIeYxp,1,credit_card,8,137.71
aHFMXgQ1unHH,1,credit_card,10,168.31
YrcPueUXev0g,1,credit_card,3,59.33
vVTmaqQEYuAv,1,credit_card,2,133.89
psqlZfY96v7e,1,credit_card,10,558.96
SXxjwSOcRl6X,1,credit_card,3,25.36
igZDNPmd5SKW,1,wallet,1,52.37
P2CSIc4bZ6rf,1,credit_card,5,135.89
NJN8VRSDRgf5,1,credit_card,6,97.96
1GnjITlbkD0I,1,credit_card,2,214.53
WiPRbMlzlWcb,1,credit_card,10,212.4
F6bx5G8XviWp,1,credit_card,4,49.12
tkgEiDY2Ffjp,1,wallet,1,536.71
CEns4X6tDlLn,1,wallet,1,181.59
XwF0L3jrkbpx,1,wallet,1,585.95
YYy0CITqNMtW,1,credit_card,1,66.89
QxHz4PgrV9a2,1,credit_card,1,119.6
2V5bQyV3qAoc,1,credit_card,10,219.51
f5AxrCobsvgh,1,credit_card,8,503.65
pJFhGIN2VSAg,1,credit_card,1,293.46
o5Gf8MojUvSn,1,credit_card,3,2.68
o36kspRtjU9V,1,credit_card,1,2190.4
cs3sGzqlmJXM,1,credit_card,2,212.61
CAbPPT5nvwah,1,credit_card,1,283.29
2Tg52nz7wG56,2,voucher,1,15.75
oivXhok7ulCW,1,credit_card,2,141.13
mVniGgqTYwaM,1,credit_card,1,388
hmLoFyVS7lsz,1,credit_card,10,336.1
wmDTQquwgGNp,1,credit_card,5,190.86
uGOO4TfurqQL,1,credit_card,7,54.53
iW3NWIgygNRY,1,voucher,1,289.55
IAQ4zi5KQPdZ,1,credit_card,1,25.84
q8NqHzNDRHpk,1,credit_card,1,102.11
Zu9yx84X6eqg,1,credit_card,8,999.68
I7zMR25zPxLT,1,credit_card,1,293.66
yXEntB5jDfA1,1,credit_card,2,204.29
dPo6HxhCrh13,1,credit_card,10,90.83
s1RC3d8NWvRP,1,wallet,1,143.45
dBqS8yumGNZc,1,credit_card,3,164.45
gQiwbaVP090I,1,credit_card,1,343.7
szIZ2s6Eta9t,1,credit_card,10,76.54
aWVAfGXqjprE,1,credit_card,10,204.88
ZeTbqJrylVxF,1,credit_card,1,147.96
DsGhmAeSqzRy,1,credit_card,2,155.23
aV3ns1mWr2F2,1,credit_card,1,127.54
GuI0FzNOLOyy,1,credit_card,1,268.59
9vErwcmuqD12,1,wallet,1,318.82
T5MrvI0UknBZ,1,wallet,1,81.32
kXcfNWYo0Dmj,1,credit_card,6,26.42
XhzzqXB54Jej,1,wallet,1,199.63
C3WPGHacKXZE,1,credit_card,9,570.56
sXBDotX9fEEA,1,credit_card,1,50.08
gSwlLz5IBFe4,1,credit_card,2,323.93
uqTl9YbxuRVK,1,credit_card,2,504.04
XxQajekZJxaJ,1,credit_card,1,179.97
rGrbIn5UcJf2,1,credit_card,5,57.8
zaHwGLIcyRi5,1,credit_card,8,620.56
jHCbKNFaoCIt,1,credit_card,1,22.23
qdAWtFhrvrV8,1,credit_card,3,66.3
ajCjD1sw108o,1,credit_card,3,428.08
k6vZ2CrIZnCJ,1,credit_card,8,321.54
ecZui4gMhjC2,1,debit_card,1,300.83
Yvm2zqD3bHOQ,1,credit_card,5,100.19
paz2Ht58JosF,1,credit_card,1,472.02
RAUrCALMlEg5,1,credit_card,1,77.96
TJ684Yrjmvhz,1,credit_card,9,172.73
aXAM24o1LxYf,1,credit_card,1,601.49
oK5d6JpZe8Xj,1,credit_card,3,503.71
LBw23VhCmlPL,1,credit_card,1,176.98
zwQ9jKR6vMNN,1,credit_card,1,280.83
gr1QeqPC4Kbk,1,credit_card,1,342.56
YE0d8MB6u5Z3,1,credit_card,1,130.43
25b6bDqc3fLf,1,wallet,1,12.09
p6Rdxyn9T5Dz,1,credit_card,1,226.48
Z2PllvtyghEZ,1,credit_card,2,248.94
IDxdnr88Pmns,1,credit_card,8,135.62
cBzmdrQXLf1R,1,credit_card,1,434.95
gn98wSA4IjRf,1,credit_card,6,247.97
tIdt2AvpovtD,1,wallet,1,1127.29
YVQ4mO97Beku,1,credit_card,9,262.66
aAIUADd5L1Si,1,credit_card,3,108.81
V7mFBEklTYtt,1,credit_card,6,229.14
na7HSXEHfqy3,1,credit_card,2,91.87
MBbsAdvaj4PP,1,credit_card,2,173.71
7LXeEmwHmWPc,1,credit_card,3,373.44
eUmmm2ouLu9u,1,credit_card,2,199.52
XNuW8fECqVAw,1,wallet,1,224.4
4NOXkDre5VKu,1,wallet,1,90.7
vtCVLeEaPTpC,1,credit_card,4,26.49
ztCFWbDDfGuO,1,credit_card,6,175.54
EooM3MPVcefD,1,credit_card,1,52.62
hQfsf8B0PXYg,1,credit_card,6,267.8
JEM2apc5oPKe,1,credit_card,9,192.69
vpUJES4qgD3h,1,credit_card,1,244.73
GCxlpVgIbBAN,1,credit_card,8,131.17
riR5eZaWWDI9,1,credit_card,9,166.48
Ofid2oa8hy3A,1,credit_card,1,912.55
lRdZbErkw6sJ,1,credit_card,2,1373.19
RDTh9IboDIiM,1,debit_card,1,159.77
VmZyvXOPhGL2,1,credit_card,6,75.98
lolDSOpmSQz8,1,credit_card,1,223.24
ESUNadLNbLsB,1,credit_card,3,404.44
esqQQReQJOV5,1,wallet,1,210.41
ZyYBHAr4xsOh,1,wallet,1,64.34
6UnknkzmSGe0,1,wallet,1,42.8
NSdLik1sHOyv,1,wallet,1,71.66
ad6lFCe4IrPz,1,credit_card,10,223.26
Qyy10x5yg4ib,2,voucher,1,138.66
P2AocarWrzZ2,1,credit_card,1,12.97
a2ThpM0M4LLM,1,credit_card,8,121.87
3Lw72c8qhOXk,1,credit_card,10,427.16
oYYc8TfHuyYq,1,credit_card,3,350.22
RFtwSG2Zplyu,1,credit_card,10,226.26
KqbIWH6WBTpI,1,credit_card,1,955.79
CNFL1uIbtBBX,1,credit_card,1,124.6
CKcdgMO0AyFZ,1,wallet,1,722.95
rHJcwitnaraA,1,credit_card,5,305.41
ccrz1K0erUu4,1,credit_card,8,529.92
nguSNBjIRaHN,1,credit_card,1,247.02
pBnJeLmEH6mz,1,wallet,1,5.33
uQJKrPZ43fuN,1,credit_card,6,186.91
bnSUGxUmFTma,1,wallet,1,268.04
Zu1n9hbJkQpO,1,credit_card,1,204.66
lEbHVzd32hYl,1,credit_card,5,124.59
6Lhbqc3unmja,1,wallet,1,52.73
06MHuoeFSSoR,1,credit_card,4,201.89
eD8kdyV5feKo,1,credit_card,1,55.88
bxAx86Vxd0eK,1,credit_card,8,286.75
EAHgoWA3TFez,1,credit_card,8,122.76
rdtSbLPBDY1y,1,credit_card,1,281.26
ZZdBgbPeqTo6,1,credit_card,3,96.47
OGc11HnKrhn7,1,wallet,1,828.08
7A6MlhxzSxiZ,1,credit_card,2,396.73
CyiVeC0aVgYD,1,credit_card,1,172.74
8LQ3HXcLE0O2,1,credit_card,1,96.8
AABMq4zkIVYo,1,wallet,1,336.66
8B48f0aQLAvU,1,wallet,1,207.25
7zjtwlNCiwPe,2,voucher,1,274.97
4wCXaVLdG6Ej,1,credit_card,4,159.42
qAaOgwrKIH4K,1,credit_card,8,199.49
DJ5YWz8RlrWF,1,wallet,1,143.16
jO3CDYaQyNZi,1,credit_card,10,169.53
3vevwdmlE5NV,1,credit_card,6,34.96
AOFiCmQ5g9XR,1,credit_card,8,556.69
9HUVNA7GDJVQ,1,credit_card,2,27.57
JJuxclSvSuVa,1,credit_card,1,518.04
e2a9xHPdCPRx,1,credit_card,4,141.58
UFdMAzbHE7eh,1,wallet,1,33.88
A0eLMJG0WZ1L,1,credit_card,4,127.2
HNB0gWvPiAzh,1,credit_card,1,132.51
44sJ1x4z3BaG,1,credit_card,3,76.22
jqeNuBXvRQGd,1,credit_card,1,34.51
RvBg6oB2Eho1,1,wallet,1,596.95
5QorVBPTnqTo,2,voucher,1,905.18
WMIwXaLWNIFe,1,wallet,1,202.62
WGDpGfPqMWDc,1,credit_card,10,466.16
V14mBEylQgYu,1,wallet,1,95.31
NkSh4DrydiUT,1,credit_card,6,319.99
tIy1MEFMUVCS,1,credit_card,2,44.42
PAIpd2MflLNS,1,credit_card,3,26.59
JMTQcO8i8d6G,1,credit_card,3,0.76
sctQ9vMyrLq5,1,credit_card,5,56.09
eguD5eEz5UFZ,1,credit_card,1,131.31
lAspr3njetMC,1,credit_card,1,206.31
4962JtiqawSv,1,credit_card,2,158.04
pB7V4PycDHtS,1,wallet,1,177.27
NKdtoFoNYRZX,1,credit_card,9,45.78
94Y7xO1o7aEA,1,credit_card,2,175.77
iZslxBham1wr,1,credit_card,8,818.32
iFjmpeRxPvxB,1,credit_card,5,163.15
lx9V1gqRqyfz,1,credit_card,2,9.89
bqvB6pAz0ocR,1,credit_card,3,384.66
6cycAdMMXSeI,1,credit_card,9,159.42
R4cFueiUAU02,1,credit_card,1,238.12
3APFYQVPZ43N,1,credit_card,3,102.22
5hxLNdr99XDE,2,voucher,1,317.85
k6hKvFHifost,1,credit_card,8,75.37
oMGYTqTlM7rR,1,credit_card,10,74.11
QnbOxUzvkbk2,1,credit_card,3,126.72
h8CchiCXIJPH,1,credit_card,2,29.9
TCUprQPRiiTe,2,voucher,1,256.77
dU7yadafJIRN,1,credit_card,1,250.01
DRKePkWZkiT0,1,credit_card,3,675.77
Shdt5ktAPG6E,1,credit_card,8,61.07
G7vXGje92goT,1,credit_card,3,289.21
yZCZTBJonat0,1,credit_card,3,70.26
0vtHKT6tS7hn,1,credit_card,3,447
NyAxBDkX49yR,1,wallet,1,588.06
cvOckwZtpMgb,1,wallet,1,163.91
6svglhuUMuyZ,6,voucher,1,13.09
izKm51mSVOLl,2,voucher,1,294.5
fBwtPqQs272I,1,credit_card,10,213.65
5SbkXNQdwYiS,1,wallet,1,37.8
uIGGplsBwkBF,1,credit_card,8,131.87
VSeznHaGkRSx,1,credit_card,1,675.77
ybjPgriHEn6T,1,credit_card,1,617.94
z7lCtbjZUGkM,1,credit_card,1,205.43
T4rEAHmKzXkr,1,credit_card,8,78.68
MfGwg7mMQPEu,1,credit_card,1,47.46
PmsYDCchXLGB,1,wallet,1,96.22
MSKIQTpbHQBD,1,credit_card,1,56.01
mM2DyYuzAA5V,1,credit_card,4,176.69
jGAp5JN0Wa3z,1,credit_card,5,208.02
J9rJpXt5VrPB,1,credit_card,1,300.11
1Nq8zJtPKOli,1,credit_card,1,99.64
vAHzdawDriSN,1,credit_card,1,210.73
28dgANzP4Rrb,1,credit_card,2,163.7
0KttA3mQ0yQg,1,credit_card,7,146.45
1j4isK64SMq3,1,wallet,1,315.77
ja5mmqJ6AqLV,1,credit_card,5,55.17
vGqL5OrVCyb0,1,credit_card,1,492.84
D16efkNYnfSH,1,credit_card,1,164.3
EwdzqQbc2jbm,1,credit_card,3,484.76
Dwto6NWwv0NK,1,credit_card,4,123.97
Q6BC4aazfPan,1,credit_card,10,315.16
kAkBJDakuMuZ,1,wallet,1,158.74
boAVLAnS6sQU,1,credit_card,7,55.2
qYMtaXLrK6bB,1,wallet,1,58.22
Rr42YHhZRuA0,1,credit_card,3,146.23
qSg9fgv8Hf73,1,credit_card,1,6929.31
LGjBXGOGhKSM,1,credit_card,1,41.93
ON3PtgSqxuXl,2,voucher,1,272.61
q6iQjmgrcmn0,1,wallet,1,213.93
OjKKcex6jtLW,1,wallet,1,481.96
If96JWMWxWYx,1,credit_card,1,92.34
e5hBmXrjJCU9,1,credit_card,1,193.22
pWha3O6HJu4x,1,credit_card,1,53.93
zQGiMf2PgTSM,1,credit_card,1,4.06
UgDxzfpJ8Vt9,1,wallet,1,124.54
bTXduxtD0c2p,1,credit_card,1,665.87
drklhp8Yaw9H,1,credit_card,10,404.16
Y71r45LCgOb1,2,voucher,1,211.4
WECr1gXEXfXq,1,voucher,1,182.29
dxhdnf4Fgnj5,1,credit_card,1,227.74
JOgyxHKl6PhY,1,wallet,1,332.14
JvGHzLcR5x5P,1,credit_card,8,5.32
EunomJWG9mxa,1,wallet,1,88.93
RStrPoMbWU2B,1,credit_card,1,302.8
MSAmqql1KUub,2,voucher,1,419.37
GSj34m5wf2z9,1,wallet,1,115.76
QYxSEvXlWdMn,1,credit_card,4,614.45
dTh4WtxZGSkt,1,credit_card,2,113.43
Bwd0ZF3ciVaS,1,voucher,1,124.14
Mam0rokwPe4D,1,credit_card,3,87.52
9VbL5kWENdyY,1,credit_card,2,20.58
vogz2cMY6bdi,1,credit_card,6,252
STVA7U2Ad8sh,1,credit_card,10,48.17
AW0OGd7KMrnZ,1,credit_card,10,108.58
Y5jxIIOoFUES,1,credit_card,4,38.82
VUtGz1Toq9eP,6,voucher,1,55.25
kEGThFd8UOAB,1,credit_card,10,187.55
QDPYzLtDS8zT,1,credit_card,6,67.3
A7bS0aCmmDsR,1,voucher,1,381.88
i0tYBRN9E914,1,credit_card,1,56.01
Jh4vMDFEqEvO,1,credit_card,5,189.15
30N09UdKi7OJ,1,credit_card,1,276.08
tyizmahHXTYW,1,credit_card,8,225.03
s8J86jmea8rR,1,credit_card,10,367.9
sMppfAr5TtUs,1,credit_card,3,126.72
JZBCrnq6yydQ,1,credit_card,2,113.43
KDb9WO5XN3yU,1,credit_card,2,245
6XyZz6PoBtIh,1,credit_card,5,1196.78
Ip1ftjqxOjM1,1,credit_card,5,343.54
5d0En0pUCJxo,1,wallet,1,646.16
L2tx2vj3B5Mq,2,voucher,1,447.18
bigYsSa1VZYA,1,credit_card,8,519.72
eJWZVfRb7rm8,1,credit_card,6,158.7
9YE2SRtyD2Yr,1,debit_card,1,490.65
O3akEVg2Z32I,1,credit_card,10,486.55
D12ObiusMDXn,1,credit_card,9,507.68
PWlZSqhna3TO,1,credit_card,1,439.5
Ls3ZadhMMhQi,1,wallet,1,28.64
cJaC6ZAovIjc,1,credit_card,2,78.89
G8MPnlyYeFeG,1,credit_card,2,7.18
SujmVt59WJ8l,1,credit_card,1,392.56
ZFcx4KkvDkCv,1,credit_card,10,226.26
VDxi7tLfnHeB,1,credit_card,1,214.61
R7oc4PuazX3e,1,credit_card,5,209.45
35ILA5QqtFie,1,credit_card,4,566.68
WNfO5Ll5Kjch,1,credit_card,1,88.49
7hwgcKE0rekX,1,credit_card,10,234.67
2dIWxOGsWWI1,1,wallet,1,212.22
9LcAzMMNFcsk,1,credit_card,2,61.92
KC24XZvNXJ96,1,credit_card,2,69.08
x41ISlONOyCh,1,wallet,1,12.64
ipxNCSUriH9f,1,credit_card,5,274.98
WVpLwIZJxnjM,1,wallet,1,1129.57
Sis06yiQB2RK,1,wallet,1,162.66
EBHBysKT3lwp,1,wallet,1,6.1
qC9Q9nPAzLzA,1,wallet,1,283.86
NeMaxCVfEo90,1,credit_card,10,333.63
b6sMqdohOD4u,1,credit_card,10,133.38
Q9aHzhfB9ZFt,1,credit_card,2,126.03
QC8XTO5UnzdU,1,credit_card,1,104.54
jVMegOybz2qG,1,credit_card,10,228.66
wYzuDZvnDSOk,1,credit_card,3,107.82
Citc1BBntc1Y,1,wallet,1,200.17
QvvnKwG8RxL3,1,credit_card,2,158.2
lYpuSZZTdShN,1,credit_card,1,107.05
qRPc9MAmsftl,1,credit_card,1,1021.07
RyYQUksEidFf,1,credit_card,3,345.19
xezdacUpGBdn,1,wallet,1,15.61
87sxq1KuwR7x,1,credit_card,8,74.95
Xx7ArX44dyJF,1,credit_card,2,336.54
Z9rso4DDcEY5,1,wallet,1,265.98
87oFMJTjHfFO,1,credit_card,2,102.28
CspKd1v0CouY,1,credit_card,1,88.91
sKb5O79Ko112,1,wallet,1,208.65
iKBhzamBhnuc,1,wallet,1,13.63
fQUTbQuW5d8U,1,credit_card,1,56.09
KDobsuAaiVE5,1,credit_card,3,278.38
Agr6eS9GKADo,1,credit_card,2,88.12
abfEvnHmhYNm,1,credit_card,5,40.66
GQ3YjzwpmmXM,1,credit_card,1,293.32
88nNn6if1UMh,1,credit_card,2,215.81
f5m1Gpht4R3D,1,credit_card,10,318.69
WIwW2pQ9uI4w,1,credit_card,3,76.35
rX7ZfOl5O7rt,1,credit_card,1,41.98
0U7LL9LW8miq,1,wallet,1,221.64
22Tzlk6Jb5Ko,1,credit_card,2,142.53
MoCUDrCebuFP,1,credit_card,1,155.41
IsZV6bkJHco3,1,credit_card,5,116.85
1qo5L8nwBTjX,1,credit_card,2,160.58
PY5IGpyTEjPg,1,credit_card,7,219.43
kkp9DOQ8sAiu,1,credit_card,5,314.81
OSj5JCRrN25P,1,credit_card,1,607.98
EGZ8R6Snp9zW,1,credit_card,1,630.09
lcd8Eh9y6AC6,1,credit_card,2,424.62
vRwuGYbKOSuB,1,wallet,1,147.99
SEBDq2hqMMwZ,1,credit_card,1,126.72
PSAXRmAnYRGg,1,credit_card,1,302.91
AOr2EO62RqNZ,1,credit_card,1,15.9
Y0t9DqaRLVsZ,1,credit_card,4,32.31
bJoqYCauppjN,1,credit_card,1,81.94
R086Y43rn7nn,1,credit_card,10,123.49
BiUXw5aRCAyR,1,credit_card,10,31.78
oYn7vB1nF8MB,1,credit_card,4,277.25
HE2HKSEcbtWQ,1,credit_card,4,74.72
2niYEi1qYcs3,1,credit_card,6,56.16
cUEFVkLn9Tjo,1,credit_card,8,4.68
wvLD63lESPuT,1,credit_card,4,144.95
3P8wnE5JM2Nn,1,wallet,1,29.93
G5WxlnOF5qMF,1,credit_card,10,80.32
m9uxugZigIbV,1,credit_card,5,284.06
oG2LtqPnKNgA,1,credit_card,1,707.72
avtpUqqblk49,1,credit_card,3,226.79
5eqFFVFHSRc7,1,credit_card,6,114
P7vMcAIGvBUw,1,wallet,1,152.33
1qGaNWlm0ual,1,credit_card,4,179.03
DmA09Dhq2qZ4,1,credit_card,1,150.01
fW2bP2Mwx8Bx,1,wallet,1,84.96
T5JlPnYwVMM8,1,credit_card,10,363.76
wyMBpt6xIpgg,1,wallet,1,241.8
gkXTFghZhKv7,1,credit_card,4,33.01
7noDBRsdSquO,1,credit_card,10,50.88
39h6jymsP6yo,1,credit_card,8,110.04
RRweuOLXzOi0,1,credit_card,9,308.86
zuRh91xVavKI,1,credit_card,3,96.3
R01cC2tySyj1,1,credit_card,1,241.02
YpRHvttlkgkg,1,credit_card,2,149.99
3b3XrBVJtRAs,1,wallet,1,106.32
z1fuLSClhO0h,1,credit_card,2,176.36
0jxDtOCPKjvn,1,credit_card,6,171.64
whRGqSMrl7pp,1,wallet,1,298.05
eOsj7BnxiK9l,1,credit_card,1,248.92
0AeKhXIDGeOl,1,wallet,1,52.57
QRnpMIG8WT6r,1,credit_card,3,204.29
ZEcIjIkRbkdx,1,wallet,1,393.46
NA2r5MK5p9J2,1,credit_card,5,90.06
b9HUvoSrFCHe,1,credit_card,1,126.72
XLEEcz1GOwW5,1,credit_card,1,614.21
BOKXGSAs1DfZ,1,credit_card,1,371.13
RtgRKpFblcy2,1,credit_card,1,172.58
EQHDn6Hpxzr1,1,credit_card,1,43.08
Mg2FtHLZLaYC,1,wallet,1,219.91
BOT59uTbV4OH,1,credit_card,1,408.69
Roks3ir47c1l,1,credit_card,6,334.12
BvYbrkYmYSRy,1,credit_card,1,110.29
KYEPcBQKXFJj,1,credit_card,10,257.19
70R1NT6Nrd4C,1,credit_card,10,70.7
dWltn1IP6vM8,1,credit_card,6,117.26
WQh9r86R1QEH,1,credit_card,1,226.85
wIMrZimyHhyC,1,credit_card,1,131.43
9moi8G7sviH8,1,credit_card,1,112.98
O6QY9n0Yjh8l,1,credit_card,10,84.52
caaHXjiqqjzg,1,wallet,1,358.76
uDdtMrDtDIO5,1,credit_card,3,51.87
IOb5IrexcmTt,1,credit_card,1,89.86
eNfGSm1zipgj,1,wallet,1,244.75
g7JAWy0bvNdY,1,credit_card,1,665.87
lWAcyz82620p,1,credit_card,3,250.48
ezXRH2l197aN,1,credit_card,6,126.88
pMsmOV8kZ17w,1,credit_card,1,811.77
lDWY5jfCwb3c,1,credit_card,15,273.54
gvEbcdRnRkPJ,1,credit_card,2,140.22
YtthNYrXJQk6,1,credit_card,2,1570.79
v1XKRAFKbf0j,1,wallet,1,112.68
kngI8QB3IEQ9,1,wallet,1,132.42
3iG6vfnanPAE,1,debit_card,1,82.82
XLbiIwrYvU3f,1,credit_card,2,375.74
R8MvwYx96rbP,1,credit_card,3,96.81
JU6QWFjDEjgA,1,credit_card,10,65.64
NC9Mtaa8Sban,1,credit_card,1,279.98
ZPoe3Z2AHmTi,1,wallet,1,260.84
OjjwYuwSMuAe,1,credit_card,2,195.29
46zzyaVaiyAh,1,wallet,1,260.97
xlbQtCK4khJb,1,credit_card,3,497.74
MTCzRbpX75ET,1,credit_card,3,212.27
hY5ZzuG2NQXq,1,wallet,1,282.47
KccIaEmqmK9X,1,credit_card,1,135.96
3w0Pi2ZbACZ1,1,credit_card,1,210.73
SWDcBDoyMFGR,1,credit_card,3,34.22
uQbLbtJlOOOn,1,credit_card,1,222.04
y0EZtQ6HvNTk,1,credit_card,5,96.04
kGzQrWo3kxfa,1,credit_card,4,74.16
p07IZoVm6AhM,1,wallet,1,2183.6
si5xMZlkYtWh,1,wallet,1,191.41
kYet5rKKZlwB,1,credit_card,5,240.76
Oqkddeti3w9A,1,credit_card,1,557.62
2rl1fronrKhw,1,credit_card,5,32.92
uVTumkW01YbS,1,credit_card,10,286.88
zHnTs8nN6wLK,1,credit_card,2,158.58
X29OkSPquzzo,1,credit_card,2,378.61
JhKfG9O8bpkU,1,credit_card,1,815.65
R3DiUidVTxPv,3,voucher,1,280.89
LVxzGyiU1gmv,1,credit_card,1,318.78
PRlbUUvoX2sH,1,credit_card,1,140.98
OjlQx5mf9EV3,1,credit_card,1,377
QgnzPktXHj83,1,wallet,1,148.26
MqEE2iL7v4W0,2,voucher,1,30.61
QSPlGFSh7jAa,18,voucher,1,89.27
v6H4HHLnDtNu,1,credit_card,6,241.42
PCXlyNvLsIvX,1,credit_card,10,1702.35
WkeuCWPSuXK7,1,credit_card,1,129.82
ggHYTOg4XJv9,1,credit_card,7,115.51
jkhMf0A6cTW6,1,credit_card,10,543.89
AjayxCc7eeDn,1,credit_card,1,433.07
6vOuaZzDfgla,1,wallet,1,738.19
s2PWVgdpNUTp,1,credit_card,10,160.8
aa6sRmY72tkO,1,credit_card,3,243.83
mnEcMePhH3MM,1,credit_card,1,394.54
FlVO3TqbktYA,1,credit_card,4,54.89
zPZhbpPtxjzo,1,credit_card,9,112.15
TPIduialWmrE,1,debit_card,1,122.35
1f9KV0GfBmQf,1,credit_card,1,95.01
2RRJ7u9MWAFr,1,credit_card,1,93.09
ljeoZTP1Vrei,1,credit_card,1,201.53
8dQCoLFfoETT,1,credit_card,2,183.03
PFMj7iZUaCUm,1,credit_card,6,96.96
zod6YQMRUOK7,1,wallet,1,135.81
1ing5dTSu5Fw,1,credit_card,10,329.2
VnTCz84Ikxh8,1,wallet,1,414.11
yXlg1nolmrmZ,1,credit_card,4,348.24
W36mKmNPnQeY,1,debit_card,1,163.84
0BLhTb3ClYiO,1,credit_card,1,110.29
lEVnBsB01Hu6,1,debit_card,1,13.43
dv0Fzty7Uk1k,3,voucher,1,138.87
DhJu7qOV4mzC,1,credit_card,5,101.72
f74jKOe52gk0,1,credit_card,5,216.25
A4GxEIJZI6mH,1,wallet,1,16
TCiLzhnafh0X,1,credit_card,6,51.01
92NXFE9MjDaN,1,debit_card,1,400.64
cdyD9P3mNFrq,1,wallet,1,284.52
QoTh21Pek7g7,1,wallet,1,183.36
SkPzsiKQ1Wdy,1,credit_card,2,514.6
fA67QODCvW7k,1,wallet,1,783.26
srvQ31xizmpl,1,wallet,1,140.54
Bj1izteFFVNr,1,credit_card,1,320.07
8MVTfwLGRFuH,1,credit_card,1,244.15
UiwwUd11MfQd,1,credit_card,1,0.61
frEqCssOVAgR,1,credit_card,4,449.29
JTqwRPRpAmPt,1,wallet,1,689.66
C8cD3rFBEbG0,1,wallet,1,186.38
0H6YL4YM8oZC,1,credit_card,1,420.47
fqlBmB2nbcqm,1,wallet,1,512.9
ipqsXJImP2sY,1,wallet,1,172.87
amKyD4kyxhD4,1,credit_card,9,134.66
d4PILJUWXqFK,1,wallet,1,198.34
5rEAPhCmNAhr,1,credit_card,9,303.77
aJ5jwOVBPQg4,1,credit_card,5,141.97
D83oazjZ9ZGl,1,credit_card,4,172.58
XMVbumUrWzNa,1,credit_card,10,281.2
kdLDKicSEFQy,1,credit_card,2,148.25
AipYVgOdpuNM,1,credit_card,1,249.97
Jo9BynDb2ysX,1,credit_card,10,201.2
1uLKxT82v0Jv,1,credit_card,1,413.84
Z0bJQZlQMEXH,1,credit_card,1,506.84
Vyltb71LGOAJ,1,credit_card,3,180.46
GBDwOukoCK1u,1,credit_card,1,18.22
Q5G3iwPstooq,1,wallet,1,199.93
7CHHPZOBiSdO,1,credit_card,8,109.89
ndegRWpnwJV7,1,wallet,1,89.41
3CR1dJtBf5zL,1,credit_card,1,217.66
zKSFJV3aYwd8,1,credit_card,2,36.25
NubMKYJ6DJGH,1,wallet,1,665.87
dDxmZojiZcRX,1,debit_card,1,42.84
LrkNzhdnF6wA,1,credit_card,10,909.31
Ux5DFsOIOeza,1,credit_card,8,166.8
pps3XyuGIfe2,1,credit_card,1,437.75
LJh9W3eIjHfO,1,credit_card,10,300.22
LMfkgT0nJRln,1,credit_card,3,987.98
Bj3lNnRLl6cN,1,credit_card,1,170.84
Xe1fFBvdNDzK,1,wallet,1,89.49
lFXCvaNubCDP,1,credit_card,1,404.95
YMA1WnRuvUAe,1,credit_card,1,197.06
B0yybxY84p9h,1,voucher,1,267.62
8QaFUG83NHhV,1,credit_card,3,454.97
xsaIZqraTR4V,1,wallet,1,149.69
ANWF93BFxSwa,1,wallet,1,399.38
4rHsZDY9rIXW,1,credit_card,1,670.47
W3uPYwRQrSuS,1,voucher,1,12.68
QunkNTjP39G6,1,credit_card,1,252.34
I3pw73zKciCN,1,wallet,1,236.86
grNe8TvcDFqJ,2,voucher,1,266
Yg0SopvU0usC,1,credit_card,1,3256.14
yE1yejTNrgCr,1,credit_card,1,1806.68
fuM69aCZDWqR,1,credit_card,1,81.43
Nzhk9AUcPJ8N,1,credit_card,1,351.35
X6b1TEibQDSF,1,credit_card,4,655.6
83jy0hb12uBs,1,credit_card,1,125.09
ymHBJexlfQt9,1,credit_card,1,217.6
4mR0UOKNlsbR,1,credit_card,5,688.35
oLnphuNEy2gc,1,credit_card,2,110.55
5Vhz4dn5Oa8f,1,credit_card,10,105.44
R64hYSjJL2FC,8,voucher,1,63.18
UiaXx9PweYHl,2,voucher,1,221.12
yCxPMrRogkJb,1,credit_card,2,49.89
eqUflImB4s02,1,credit_card,10,40.02
Uhi04GWoV07K,1,credit_card,8,473.84
X4rlni2LJWDX,1,wallet,1,62.88
ThNwXJ0bqffX,1,wallet,1,54.46
evomDRXVhOYL,1,credit_card,2,164.26
J20nYuSAf8FT,1,credit_card,8,326.09
Aqs8jCndtpNT,1,credit_card,1,216.38
3eIoTbkd8qz2,1,wallet,1,320.07
BWaxNem57qIF,1,wallet,1,187.43
YMEmqkLTIDjU,1,wallet,1,18.36
YAsnUkjt6X5A,1,credit_card,10,25.36
8r3lHndceBii,1,credit_card,2,89.47
jZjjUuBh8B1R,1,credit_card,1,77.27
w0jr88nQJnHB,1,credit_card,1,370.02
9qE0yJ59syMV,1,credit_card,3,338.52
pecRc7Ns5Vqh,1,wallet,1,245.14
3vxovmpH93aW,1,credit_card,5,1097.94
EzXMCVYuzNWk,2,voucher,1,47.46
XQJTVrDJAk73,1,credit_card,1,340.02
JrU9ak4wnbxN,1,credit_card,4,273.32
LKjZJTFkHqq2,1,credit_card,1,64.6
XboGjqi23IHQ,1,credit_card,2,243.5
VQM5vfCWGnJP,1,credit_card,1,122.61
xROouCiXB6q4,1,credit_card,2,59.16
cKAV2pq1e5rf,1,wallet,1,190.04
ZRZCi9bW0X0m,1,credit_card,2,140.52
EcJ2m2zDtgcx,1,credit_card,3,195.62
acH9CIAqFRJm,1,wallet,1,256.14
xN7sYNPIDLHo,1,credit_card,10,910.2
kAYNXwxFQxA5,2,debit_card,1,1534.98
88wsz8PHWKpF,1,credit_card,1,30.26
BcpLiO2N9Sv5,1,credit_card,4,197
LPsGpicMJNFx,1,credit_card,1,617.93
fYYug175EYGe,1,credit_card,1,670.47
cTwh9VZhj847,1,credit_card,2,162.04
kfGrz6cOU10u,1,credit_card,1,244.02
voKZTJwiplmd,1,credit_card,10,563.77
vpQ5eAdLz8Kf,1,credit_card,6,87.3
kyiPvCV61roh,1,wallet,1,254.14
WliTXsYTpyO0,1,credit_card,1,950
5JV2Jj0paLgB,1,credit_card,2,250.26
qkHt3oG3sP1V,1,credit_card,2,1137.56
6EwJCfNxpJXf,1,credit_card,8,131.97
DkaDYJhj48cz,1,wallet,1,315.06
YFovOjSfvZD9,1,credit_card,5,155.64
e770SZrDkDDR,1,credit_card,1,83.31
HOYXx1e7Kn2r,1,credit_card,5,726.71
zQHP7wi02nDW,1,credit_card,3,192.12
ZP1LuuYjcrzN,1,credit_card,8,28.51
KBXON11KIiRT,1,credit_card,1,156.98
wxh23wYbS1vn,1,credit_card,2,159.8
LREqFROvGwO9,1,credit_card,1,235.32
WX0oKgWzmHX4,1,credit_card,7,558.57
t9avv87fQ8ED,1,wallet,1,28.25
GpAjor9KrEpW,1,credit_card,1,176.16
Jg5KyHNaOnU3,1,credit_card,10,445.22
WJDiFqJY0O13,1,credit_card,1,221.47
z94EJqQgFirP,1,credit_card,1,89.24
pVg59eyxXtSl,1,credit_card,1,36.5
ro6b40W6eQzN,1,credit_card,1,130.06
eoBDRoeaaOzt,1,credit_card,5,371.94
r1dThrQEWSYW,1,credit_card,3,30.3
e9IWARW5Zyx8,1,credit_card,5,384.93
2vayoNxMJQc3,1,debit_card,1,249.31
SjYBlqay0mkc,1,credit_card,1,112.1
iTSSgDg6tGjz,1,credit_card,10,782.26
SJSL0chabuM5,1,credit_card,6,116.64
IzyNogyOdfN6,1,credit_card,2,55.32
NJddUZDuxjRz,1,wallet,1,47.55
QMzfG51gALAt,1,credit_card,1,73.74
8vtXdEHRr3RR,1,credit_card,8,545.14
0wCXdhFYf5Ee,1,credit_card,6,235.32
o0yYRLCpk2FE,1,credit_card,1,837.31
7Pjfm5rRCIx3,1,credit_card,8,63.01
HvZZciS8CneZ,1,credit_card,2,148.08
yjRhtX8ZRTdv,1,credit_card,3,179.83
ONeKjP1aedBT,1,credit_card,1,269
4jPQmkQJMxV3,1,credit_card,10,827.91
LCWgrovsaYpJ,1,credit_card,2,39.43
5aJnO73mcDli,1,credit_card,1,321.08
fniJK6gbDnmx,1,credit_card,10,0.53
fvhF2CbQdosu,1,credit_card,2,362.56
m12EAtVVz9uq,1,wallet,1,425.62
d4yVBCAfCHoX,1,credit_card,6,344.26
UDuyA7hrJwWp,1,credit_card,2,296.61
lxaTDrrMQnSr,1,credit_card,2,212.98
RwnJjRuIFVYB,1,credit_card,3,81.64
QFPGL7nzRhlK,1,wallet,1,256.02
F5FwCWy0pMEj,2,voucher,1,151.93
cvT2ADZjDweM,1,credit_card,1,190.04
uMVVLxGrQjsa,1,credit_card,8,401.19
d7xI68gk5PcK,1,credit_card,8,131.45
NUiAJuDMIW2M,1,credit_card,1,28.03
H9ZqBDGfoY7T,14,voucher,1,534.25
4Ikm4E1G8KWw,1,credit_card,8,214.09
PemrtwRenRSn,1,credit_card,1,54.89
DV1SEuWQ4y5z,1,credit_card,9,261.92
01jAnINOs9gH,1,credit_card,4,1.27
AJppQfIqlPKO,1,wallet,1,215.57
87ToBDucdF9p,1,credit_card,2,231.37
pAcjIxCrK5TB,1,credit_card,2,20.58
hF12QLBvBB8E,1,wallet,1,53.21
wqWPGRPIiIUe,1,credit_card,2,31
Bi7gqiRDuGTO,2,voucher,1,330.17
0Ne89pPjMv3W,1,wallet,1,124.52
4pH5LI1vadYT,1,credit_card,1,312.61
rcgYZM0VAC4a,1,wallet,1,91.96
pGnUZXjwGmsv,1,credit_card,1,41.92
4e3sndjNs04A,1,wallet,1,423.63
HO6sn85rDOEN,1,credit_card,1,313.99
8X6ka2WqMMIk,1,credit_card,1,6.83
Cq1v92ILloS5,1,credit_card,8,47.98
IwH50PmF9PWO,1,wallet,1,219.73
Q803lD0FsKfr,1,credit_card,1,55.03
2gHZiWZEk7fn,1,credit_card,1,138.08
eJaPEn2IqHzF,1,credit_card,2,67.99
0l2MkAhIvbfQ,1,credit_card,1,530.47
j4Ni3x1ofPbh,1,wallet,1,269.78
YuQvV87pwkFi,1,credit_card,8,201.65
8JlkPpsqwO76,1,credit_card,6,45.96
F0IBnkyILPes,1,credit_card,8,135.98
z1L8UzN7WRPW,1,credit_card,2,16
WpirE0QoEd3P,1,credit_card,1,276.11
hO5ZTFg20PRw,1,wallet,1,28.42
qKui6pLVGg8S,1,credit_card,6,61.91
JsSsHCqCfasC,1,credit_card,2,66.28
CmRqciT1FRWF,1,credit_card,8,270.75
JHlrZ5nQWk2N,1,credit_card,6,393.69
f3ZPze4OUtBh,2,voucher,1,5.99
YtSGsYDuzANX,1,credit_card,10,102.23
JvHNFSP7Rhlw,1,credit_card,2,18.28
J1fMoKSxE6ab,1,wallet,1,247.64
f4cTEuiD8VrM,2,voucher,1,145.48
qqbTgtcWuW4V,1,credit_card,6,336.06
mxPCfuPOKdTL,1,credit_card,1,106.56
z3c1lp6VYpxE,1,credit_card,1,177.54
zTvgBFY1nWJX,1,wallet,1,29
PdmNi8lSTFXo,1,credit_card,2,6.2
H4DouYl9GhI3,1,credit_card,4,50.68
smIZFLJniN1i,1,wallet,1,131.78
FROo5YTCZtFn,1,credit_card,5,214.16
yHPjDOZf9hIX,1,credit_card,8,100.98
yw3GkGrLLscL,1,credit_card,5,168.65
HgKT5bbxi54b,1,wallet,1,31.98
ZppQrNouoHpo,1,wallet,1,13.17
RewHCRXPojeS,1,credit_card,4,33.91
v2iUUcJlKNeR,1,credit_card,1,284.02
redL5cGDQK6G,1,wallet,1,68.8
t0Dlwd3LaFV1,1,credit_card,3,123.29
BQMqn2qDvLXR,1,credit_card,7,24.95
AZbNkb0cnPX4,1,credit_card,1,337.9
uJ0ac4LGCKEc,1,credit_card,6,213.95
XDFtwO2goffI,1,credit_card,1,33.96
M8VlsvjVfsdd,1,credit_card,6,3.41
FdhP6rhmGB8O,1,credit_card,2,288.43
maMgFeOtNriq,1,credit_card,1,38.65
mRoFBxW2VWRf,1,credit_card,2,119.19
xnbZF5vl9rcV,1,wallet,1,248.35
yEFii70X1Ryi,1,credit_card,1,701.22
T5w3CKn3uFVM,1,credit_card,1,15.66
T2b0lffTb2KD,1,credit_card,1,89.86
gRtjozSl8HIh,2,voucher,1,270.06
SuGlEXLvekQy,1,wallet,1,238.53
CLDHt94wWceI,4,voucher,1,620.44
LJamJsNa8pQK,1,credit_card,3,273.27
hhkIkHap5Lly,1,credit_card,3,284.49
bLhBLoeHeR4g,1,credit_card,6,26.81
tRtiaom4ZMjC,1,credit_card,1,235.61
qEAUfUK7Ef0T,1,credit_card,5,5.81
vY4NfAZ7hhXp,1,debit_card,1,249.39
dg6mJQqD38Q7,1,credit_card,6,95.09
nLxnls0g1uF8,1,credit_card,1,106.97
T1ok5vviumqH,1,credit_card,5,237.59
Jlsb3Jk8sw0C,1,credit_card,5,81.57
uh94aQZHSEMA,1,credit_card,3,65.2
d1f1ncTaopko,1,credit_card,2,8.24
rs6HdjwQeUVc,1,wallet,1,58.95
ObNjxzwYFFDB,1,credit_card,1,111.66
06YGCJd7MMfn,1,credit_card,5,185.11
3b9Z8LaLlXfS,1,credit_card,1,86.09
viAO9SY3Qq1B,1,credit_card,4,739.79
5mJRPgWsu0qe,1,credit_card,3,74.12
yPh9SaRbGGkn,1,credit_card,1,79.27
PjAQ8jmuwIJr,1,wallet,1,176.39
zs9Ksyuvuvqk,1,credit_card,1,210.73
ONzjCdsCg5w7,1,credit_card,4,815.65
gsL1SMGGxdH3,1,credit_card,1,99.38
zTnazSODigH3,1,credit_card,2,1711.63
Sbaw00o5kT4O,1,credit_card,3,128.29
PGHetu0jwRag,1,credit_card,1,17.55
1WnC132Wy7ks,1,credit_card,4,336.06
