product_id,product_category_name,product_weight_g,product_length_cm,product_height_cm,product_width_cm
1slxdgbgWFax,Toys,50,16,5,11
77PgsiElQLeB,Electronics,200,21,7,14
QVlD26X1y7NI,"Furniture Decor",1000,100,5,20
yWlFGkKYfrpa,Toys,8950,40,30,40
h6MCbrwh5kiC,Toys,2301,32,35,34
CApN1zdCu8Ad,Toys,400,22,27,27
HOJj2KbHY8er,Toys,12850,36,56,56
bKrL5OryV9HU,Toys,18800,60,40,42
7ba9znpcLheP,Toys,375,16,8,11
TLhoqYaQLJ5g,Toys,200,16,16,16
EG4wDSpFyTth,"Health Beauty",250,22,10,18
hoFRvSkFE7Xv,"Home Appliances",950,25,11,15
YLYPEDYgvdfH,Toys,250,23,13,21
XnVJHXWoT9t9,Toys,3100,30,30,30
cDHQRx6Mr5x7,Toys,100,19,3,11
cKboTGrWp54z,Toys,2600,17,17,60
MUIEAN159RuU,Baby,450,30,7,20
W5lSpNbHbIjE,Toys,1150,33,4,28
claM69kKTNfa,Toys,450,27,16,27
aUvBxYvPYgvN,Toys,350,17,4,12
ccg64CBDaXEK,Toys,1100,24,21,16
C0fYrgNXAm4X,Toys,700,30,36,20
hBVeRiNmH8jL,Toys,3625,29,38,26
8IhgV2nH9kXE,"Health Beauty",700,25,12,19
F7VM3KqshbPZ,"Bed Table",1300,43,5,30
rfAfXKCzKmqX,Toys,367,17,12,12
fBYJ0RAV9NzF,Perfumery,400,18,18,12
mHI4NBBHLa3q,Toys,150,16,9,11
p9owG1LeMQyo,Toys,2100,30,24,25
q1g2MXdXLhY1,Toys,450,45,15,35
dUoMatEvc2jC,"Food Drink",600,28,15,20
EtByr6hYFH77,Toys,850,25,18,40
74QWytNFaRdz,Toys,200,18,14,17
fv7KNAysdXlN,Toys,260,21,16,20
wfUecfuVgluN,Toys,725,30,9,27
uX3peyoIafeb,Toys,1700,42,10,36
cSXYaf2R23NY,Housewares,300,35,4,15
mJHxwcpqG1n6,Toys,400,24,7,14
Y9RZLlJmz7ht,Toys,125,16,12,12
mlh1QSbPODrn,Toys,800,42,36,25
LACwfilTTi3G,Toys,9325,50,18,28
0zCNWMABd3aW,Baby,2300,65,15,15
50ddJtKO3HR1,Toys,3150,39,30,29
XoreWdNE59ms,Toys,200,16,9,11
6QtH1B0l31bh,Toys,2800,36,11,26
g2nsxyGqPtjO,Toys,275,23,18,28
GBRpbhWI9MRb,Toys,2200,22,22,22
xQOinugRH3hN,"Furniture Decor",1600,24,27,39
S1AbuPvAdHZx,Toys,600,17,22,20
qDgjT36KwfcF,"Furniture Decor",2500,40,10,30
i1Clmz1s1Y35,Toys,200,16,2,11
Rugpsd6wUZpm,"Watches Gifts",757,19,14,15
5Nm9KRKxfEOi,Toys,3500,55,5,40
G0Jl0sANrl5j,Toys,1600,38,7,28
i8rOWNVCU8SG,Toys,200,17,11,15
7ymC4wrimXhe,Toys,1350,30,20,20
x5U2lQcr1Slp,Toys,550,17,28,11
HMrkOFFXRiNb,Toys,400,30,20,25
4DMLAKWbfjYB,Toys,7400,80,15,60
o0wzlENKuuPY,Toys,600,17,17,17
y2MAnns4G96G,"Computers Accessories",207,19,11,14
8EMcxO7AFhVP,Toys,180,17,10,13
pnQbUcmERqLT,Toys,250,16,16,16
eySkDvowFkGC,Toys,700,41,13,26
OyNjP3ysqnRA,"Health Beauty",1250,42,11,12
UhiYwrBc5ixN,Perfumery,442,23,15,17
gyCm1QS60Z2r,Toys,500,40,15,40
XicPOT40hSxE,Electronics,501,19,10,91
DMB6KqQisnZE,Toys,400,20,5,21
65N5NNUZppq6,Toys,700,25,10,25
JNVFLT1PwSb6,Toys,2000,30,12,16
zgeloe0hFyo4,Toys,150,16,5,20
Lqe98dYBeetq,Toys,950,40,5,30
Pb29t2XBfP6Q,"Furniture Decor",700,35,4,30
mCDJ1miTla4u,Toys,350,16,12,14
Zi9DvAJMTNK7,Toys,390,23,14,17
idj1HKBW8p4Y,Toys,200,25,2,17
6j4YiywQs19u,Toys,5100,13,76,41
2H4WpZ0EIw4e,Perfumery,550,19,13,18
E1esbswKYvev,Telephony,325,20,15,14
iKnmCaCAMSTw,Toys,4100,53,21,36
wUg0kOtAM0q5,Toys,1100,20,30,30
poyljoTAnq9L,Toys,900,44,2,36
yTJSPjwF1iY0,Toys,650,16,10,11
6lqYiC1kC4WA,Toys,2425,29,30,19
tzs5x0lLkB4v,Toys,117,21,12,13
F1FBNZnox1VK,"Garden Tools",16400,100,30,30
BKF4Stwoyt2S,"Home Construction",900,32,24,11
oo5YFvkDJXfS,Toys,250,16,2,20
K8lKuHK7ZRsb,Toys,7600,30,31,38
NRdnqAmNJ3Gg,Toys,400,31,5,16
7ymC4wrimXhe,Toys,1350,30,20,20
diXfR20Ry7N3,"Computers Accessories",200,20,15,15
7rmvkmjvPkYA,"Furniture Decor",800,40,5,11
y5FI0l0HjdGT,"Computers Accessories",217,16,14,14
TznsJjXJH6cK,Toys,1700,25,25,25
D984F4DTEtgY,"Costruction Tools",400,16,2,11
kUApGiacE8R7,Toys,50,18,18,12
RepVMI5KCfFQ,Toys,475,35,21,30
rjqk8lHzimCk,Toys,250,27,13,17
oRWowdRxzkkE,Toys,300,20,9,15
0vxqaoazyUrJ,Toys,700,30,30,40
oF8tGJeHNeOE,Toys,250,16,10,16
HpuiH593gmeG,Toys,350,25,8,19
pTrK5MYzL4Ca,"Computers Accessories",233,16,14,15
z3XHloP0B6UK,Toys,150,16,7,16
A7oAK6cYaqZ4,Auto,400,20,20,20
WhlDdQRsqlZh,"Garden Tools",600,16,7,22
RXVEkfBO6tx3,Toys,100,16,7,11
DLKkjtQJpeYz,Toys,700,38,15,27
iaPbzG31q0Vz,Toys,4000,43,35,18
O332ZRndALYI,Toys,4800,22,63,22
n8NlUmLkElPr,Toys,1100,32,16,16
HhAtKukEU7VT,Toys,1867,36,6,36
qKdBzmQEGR6b,Toys,200,20,15,15
eICb94TD3JP8,Toys,7950,46,7,46
y2MAnns4G96G,"Computers Accessories",207,19,11,14
icdtCDkjpSZQ,Toys,342,18,13,15
RL7OKDCyY23o,Toys,350,16,5,20
QzAC1fDWMbmk,Toys,100,11,11,11
T04Mxb5gFcXd,Toys,300,23,8,19
BuMA9g0RCLlr,Toys,450,16,7,11
pTx5wvuygQnb,"Consoles Games",250,19,2,14
5EFBA7VYOItK,Toys,321,19,14,13
PmU4zDs3ZA49,Toys,400,40,20,20
MQlNR59cgOB2,Toys,1535,49,8,21
t9T0NG1QQIGI,Toys,6900,26,26,26
iUMmZb8oh0qu,Toys,573,35,13,11
HwPbP5N2qWCP,Toys,133,20,10,16
aiiImX7Pk53m,Toys,1147,25,21,19
J3RLg1Bwun4Q,Toys,350,24,29,16
Z0vMyDM0FvZn,Stationery,1000,36,6,29
0eU2pGKaTuqj,Toys,5000,50,20,20
7C0EFvQcwqRI,Toys,5900,40,40,40
1rFoOcG1sQwB,Toys,100,40,2,24
AiKnucErxdfC,"Home Appliances",4920,65,11,33
sNAAI52Ft4Yx,"Cool Stuff",150,16,7,12
VE1XRfifT9hb,"Luggage Accessories",450,24,47,34
dfAHqNQcTm3T,Toys,138,19,17,16
Biwi1BNtUB7l,Toys,1500,30,22,30
ZWyg4uNWPHjJ,Toys,250,16,2,11
pmQFBLygQ1oH,Toys,100,16,11,12
X4L5ori5hRm1,Toys,1850,46,12,43
Biwi1BNtUB7l,Toys,1500,30,22,30
wipKQnoUkikl,Toys,3100,27,27,27
OV8uYkcbbZld,"Watches Gifts",450,16,2,20
VAS6Q8niNy2w,Toys,233,22,16,14
w6wfCWzpQ78I,Toys,300,22,10,15
kEslzWCkm0ZL,Toys,175,24,3,17
8P6w1wVsyDsG,Toys,1150,25,23,25
0p1rNofm8oi9,Baby,9400,75,15,50
OfYbf6ptQ7S0,Toys,11600,65,19,47
NkygN5yTKOgI,Toys,1400,26,41,26
ro08JPncYzLh,"Garden Tools",1650,30,22,30
Usi90p4RKMY1,"Health Beauty",434,20,16,18
xJRyPvJqgafI,Toys,1175,34,20,22
3NEukCGJjNCr,"Sports Leisure",2433,30,24,24
IWTKXtyQPnuB,Toys,200,20,10,15
GvBzGCvvIC2D,Toys,1000,53,8,18
0DGoM1aFJKQb,Toys,450,20,12,15
4RokZRqcffze,Toys,1950,35,12,23
yctXoGaUcJuM,Toys,600,18,9,13
BEAPTXoPz01D,Toys,1075,17,13,15
gCcVSdlEOuof,Toys,17550,73,20,47
8EMcxO7AFhVP,Toys,180,17,10,13
O332ZRndALYI,Toys,4800,22,63,22
qh5eo3eA22JD,Toys,7150,17,8,32
LjzRT54degE3,Toys,500,30,6,23
sAZlZF7GJJdr,"Bed Table",350,16,10,16
ojAhyTeUlmLS,"Sports Leisure",500,22,15,22
JKVUiz45iGB8,Toys,1614,31,16,28
yN7QdW9omLo6,"Home Appliances",700,20,6,11
gq42NYmDYSH7,Toys,9225,61,61,30
VcU0FP9DjfBt,Toys,550,40,5,30
VkLNxVykNlKl,Toys,880,28,6,17
M1QehWDYrOKu,Toys,1800,52,5,52
ooMfhtJJiM8o,"Health Beauty",300,16,9,15
UMLfE5ekvVL1,Housewares,16000,30,30,30
dooIJeivMlv6,Toys,150,19,12,16
1R8bu0R8h2Pg,Toys,16300,50,30,50
rKXoWNJxVSE7,Toys,6050,20,20,20
0qtItiuCYJLB,Toys,1800,35,20,30
eWXIxR3gWdjy,Toys,2450,30,12,16
wEXYeIBMtNpz,Toys,1700,65,6,50
SLTlrWtcYt1m,Toys,1750,37,22,40
Z0u1lpfu5xfm,Toys,400,16,9,11
DL5BHCpE7rrL,"Bed Table",835,40,9,33
b73bpEzJgugQ,Toys,275,18,4,12
ifOyaTorkIqj,Computers,12000,27,50,53
noHAJVjnfbjD,Toys,6513,64,37,38
hmEnk83HcG3e,Toys,10050,60,20,50
rfsGZzBijANi,Toys,1600,30,5,30
1edaUIVffPFF,"Watches Gifts",584,16,11,13
orUwK0JfotYQ,Toys,300,40,4,30
rymjv5HRykTB,Perfumery,249,19,13,15
1JgqZUMnHeh7,Toys,600,16,2,11
i8rOWNVCU8SG,Toys,200,17,11,15
1ffebT9EkzfW,"Health Beauty",300,19,12,13
tzs5x0lLkB4v,Toys,117,21,12,13
ESxhVTp3TExr,Toys,100,20,20,20
WRnS90YSEbaf,Toys,200,29,7,16
y2MAnns4G96G,"Computers Accessories",207,19,11,14
tXJHUVp8RdE6,Housewares,1270,17,14,17
fgZthIy5sipF,Toys,200,14,13,12
sFXdhNPN6lcL,Toys,2725,43,50,28
J5Psrq96uL2D,Toys,1850,30,30,30
PFZYJm6Ju6Cb,"Sports Leisure",2120,26,25,25
pEOKGWW2dBY3,Toys,300,16,30,20
oW6KDobidlmB,Toys,950,45,15,35
ruksAzpogPAJ,Toys,250,16,2,20
blPFUTjOGNza,Toys,700,45,15,35
lZfc4Rcm9yEU,Toys,250,17,4,12
o6Na5dqQ8W2g,"Watches Gifts",314,18,11,14
VcRU5d314wk8,Toys,16550,22,65,40
CgiKx9mLmcsp,"Sports Leisure",800,27,12,14
jjO7ZavQamGy,Toys,600,50,8,40
JluFNsoIYaG0,Toys,300,16,6,14
c80mGAlXdCTR,Toys,389,27,33,28
FgsLb5eMMaQv,Toys,1400,45,30,20
x7LQ6tCvXa0m,Toys,1038,41,22,28
Ffe8gTdmyO3U,Toys,533,22,11,20
HgPeZx2cXbNh,Toys,5000,61,34,36
7BEUiOxC03oh,Toys,500,16,18,16
ecpXxsHx9yeV,Toys,6200,76,28,18
wPUdAGg8JMPE,Toys,400,30,30,40
x5cG8pNAAlzt,Auto,1300,21,11,16
YVfSZ6AGWq2b,Toys,100,16,10,16
w47Os1mXLhR7,Toys,1200,28,5,18
jXEbnLl3rA9M,Toys,1750,50,20,50
u2yFcYxEYD3S,Toys,2300,40,20,30
mKCML8bJ9XFK,Telephony,300,16,2,11
sB3mH3n4QEcI,Toys,1300,50,9,41
zXA7JMshoWTW,Toys,2000,20,40,30
zHp21bETKvVI,"Bed Table",450,16,10,16
H7Jow3IJvnEB,Toys,13325,41,42,47
m2BXGAfmaOtK,Toys,450,20,10,15
rZmvB2yPujM0,Toys,300,16,20,15
cTBa7ZYgU5YF,Toys,550,24,13,20
GhHaQE7pQ8l0,Toys,2050,20,15,20
l1MvfyxTwnwn,Toys,12500,35,30,30
VIzCnu7ZJnPS,Toys,7750,34,33,33
GwC5CQRLSWF4,Toys,1500,55,5,16
NBOvMLOgVscO,Toys,1750,30,5,30
aQBQT96o3CEF,Toys,3598,41,18,51
bpESrZraPGiK,Toys,2200,100,7,11
dAz11YkQkoue,"Health Beauty",100,20,15,15
nRkDfT1MBebs,Toys,10500,53,73,18
yifYVWda6kIz,Toys,147,14,10,12
xaj9BPzCaOyC,Telephony,150,18,3,12
WYpoxZl2lCCd,Toys,1800,30,5,30
gero47msJAuH,Toys,4100,20,15,13
Sex1oPQ5g59P,Housewares,600,25,8,15
IktifiIxY9CZ,Toys,4000,60,18,48
4EJ4bFIK6Xep,,400,50,5,11
vWNeSyDg1wbi,Toys,1950,33,44,19
rs560cxRBpzh,Toys,200,21,7,14
YgLOzkNY5bN4,Toys,2800,36,20,29
Qi4VqhwxyY73,"Health Beauty",400,20,20,20
t8mFaClezbXQ,Toys,500,16,30,30
DPjt4BgoDIvK,Toys,283,20,9,15
eJ1VhzkvMp83,"Bed Table",570,30,4,26
ilsWDSWmR8dX,"Bed Table",1100,50,12,12
ro08JPncYzLh,"Garden Tools",1650,30,22,30
K1jVWpZuIp99,"Bed Table",700,16,10,16
brKswOkWPtqO,"Furniture Decor",650,20,35,20
zMU1MG3ipApS,"Furniture Decor",228,17,12,15
qwwmgwg8mrv9,Housewares,1050,100,3,15
tHa90Bwd7K6b,"Watches Gifts",200,16,2,11
Biwi1BNtUB7l,Toys,1500,30,22,30
cjdU7fLbltoD,Toys,600,26,22,14
sNtRBW3JfRjj,,400,18,7,17
GvBzGCvvIC2D,Toys,1000,53,8,18
OEXGtELQiaDH,Toys,125,23,13,21
6DyLRMYe3KmP,"Watches Gifts",200,16,2,11
mhKWhwfwHCSR,Toys,300,21,11,21
qOiDnN39CMGm,Toys,6550,38,30,28
T58tBW6zFi3S,Toys,2200,30,35,30
kbaoSmgfO9zQ,Toys,250,16,2,11
8kUYWjdaVCxf,Toys,250,41,2,29
SRT6nggjSWOh,"Fashion Accessories",100,21,9,14
rhSa7tuppbwK,Toys,700,18,8,13
DXG0TFaZjGHO,Toys,200,16,7,11
XqmdGKRbTetH,Toys,160,19,11,14
z3XHloP0B6UK,Toys,150,16,7,16
Y9RZLlJmz7ht,Toys,125,16,12,12
zxZl4F5tafUt,Toys,350,20,6,12
O4e1ti4UFBuS,Toys,300,21,6,17
1WWn9nDpPiWt,Toys,4300,18,15,25
0DoQRZJFrIMa,Toys,650,24,14,18
08pj5e74HPRV,Toys,2400,16,31,39
wEXYeIBMtNpz,Toys,1700,65,6,50
VCOwCoc0C3aj,Toys,1200,30,4,20
K7g5D7Q3uyjT,Toys,329,18,18,15
VyvqSoUrvQ46,Toys,363,18,13,13
LKyozPiK7F82,Toys,700,26,14,24
CpeCg2UGCL6P,Toys,250,40,4,30
iRfmqpDKq7k7,Toys,1700,34,7,32
hBVeRiNmH8jL,Toys,3625,29,38,26
59VGuT6xcW9Q,Toys,200,19,4,11
Y74w5wq3OKED,Toys,175,22,9,12
mOL0X56BS1KZ,Toys,600,16,25,11
GikeTHjLgt3b,Toys,550,30,3,19
AZAmqF3BVIIy,Toys,4025,46,12,43
VcU0FP9DjfBt,Toys,550,40,5,30
6Ww1i7qd1Zqu,"Cool Stuff",1200,42,25,15
97I7i6BQRjqd,Toys,200,28,10,13
qXKeJv9t9Nyw,Toys,8333,59,31,75
vmzoh7xknu6D,Toys,700,22,6,18
jdkNsNMtb2Ca,Toys,10450,80,15,33
CY8OZ3lT9uqB,Telephony,250,18,3,28
J7BBTiopz4jB,Toys,200,16,6,14
1LoGNpatQYCz,Perfumery,400,18,11,11
fC7bzSMm84mv,Toys,250,20,3,20
pVKDSWeIqCF7,Toys,448,22,17,17
ZkSByCmyfzzB,"Bed Table",850,35,15,25
tJu4snkPQ0sR,Toys,2300,33,48,35
vHnEPJP2R48s,Toys,9000,42,12,39
OkyIKp57HLVU,"Health Beauty",250,17,12,12
DaivdXZGpmHa,Toys,8900,37,41,37
do5FzqByACmw,Toys,75,16,16,16
6Ww1i7qd1Zqu,"Cool Stuff",1200,42,25,15
wGtSb0qa15YW,Toys,245,19,14,14
Wb0dB6FB7JP0,Toys,2050,20,20,27
LsWdEU0owocj,Toys,1500,27,6,23
gSh7ZmJHuSAK,Toys,3325,32,31,28
T3rhOgD5vNl1,Toys,10750,31,61,31
ZYR8Xg6War3A,Toys,250,15,8,20
LX6vwvFIFbpm,Toys,700,41,23,25
VyvqSoUrvQ46,Toys,363,18,13,13
U7gcjsv9nQUO,Toys,400,30,5,48
L6hOpvbiwzZ2,Toys,2200,50,20,40
L4YNs2AaGrBZ,Toys,307,27,27,29
Fbtx8c1gFlsQ,Toys,600,18,19,18
ZVTEwIdUj6Kw,Toys,600,28,4,16
lwgk37tHKwST,Toys,250,16,11,11
7S9VbkGAgNC9,Toys,300,16,18,16
P5BcSHy2T8HI,Audio,200,27,5,20
Hg8SbMvNB9lM,Toys,1130,32,25,23
CPAwvQzUlyNs,Toys,175,15,15,11
ymZvN9XtTHxn,Toys,1110,19,11,18
GoWu7m0fsQmB,Toys,1700,28,50,24
xFlYjBaMbnFc,Toys,6250,59,9,37
J0tUAHt1CNVI,Toys,9850,29,66,29
f6HGOx5sd7oo,Toys,650,23,15,15
WfPdjOE3o8GV,"Sports Leisure",500,24,20,20
PWl2yBtu82h0,Perfumery,250,20,8,21
1LoGNpatQYCz,Perfumery,400,18,11,11
1NPpfRuxHxBw,"Health Beauty",550,20,20,20
wPiV60HYX55Z,Toys,1200,64,11,15
jH5jFTXRGx8z,Toys,650,19,3,11
irVQGaoUyQmk,Toys,200,20,30,25
Fg87Bp5T7JRg,Toys,400,16,4,16
VX3SZqpO3mD0,Toys,1500,30,10,17
krv8FWuLVJ2A,Toys,183,18,9,13
und5MPZvDEEG,Toys,2550,35,28,22
9ouNDAZPKapa,Toys,2200,16,11,11
kX7oZABYupC7,Toys,500,16,22,15
wjG4zdMmY00M,Toys,1350,35,10,35
Niywnp3i2d3W,Toys,1400,35,10,35
8a9VQQHGkT0J,Toys,16900,37,65,37
t8VzSdZc45vv,Electronics,900,24,12,12
0XyYmaoLSH4j,"Computers Accessories",180,16,9,16
AZCgZlCv37nj,Toys,450,24,7,12
MXIDpBL8zOVA,Toys,1350,27,9,18
55v97b7FKhEm,"Furniture Upholstery",1850,41,21,21
YoWJiMrFBYAo,Toys,150,26,16,16
Wm1k1kx2RYQ8,"Furniture Decor",1170,22,12,20
ZeMdY9hO43n5,Toys,5550,36,51,18
oyHRoKBexOF0,Toys,400,35,4,25
7SbxZe82YD4g,Toys,427,15,17,14
JrpQEjt4Ga6O,Toys,325,19,8,22
7LZqFKZE7qqd,Toys,6800,65,25,25
Wo11fipvb6ym,Baby,195,15,11,12
9hsRgO81MHGS,Toys,575,17,7,14
CKTiEGaIRVPU,Toys,900,28,20,20
TSoCeiCbvYVM,Toys,250,30,20,32
5EFBA7VYOItK,Toys,321,19,14,13
ElumZdd4gX8i,Toys,650,20,2,15
uIPxXiNmYik5,Toys,700,20,35,20
XkdGgV5TEXZg,Toys,3000,69,11,11
BChbO4TJg6io,Toys,100,18,7,16
o0wzlENKuuPY,Toys,600,17,17,17
IP4jZKK5Dj6G,Toys,250,22,14,11
O332ZRndALYI,Toys,4800,22,63,22
E0wO0I28vexS,"Health Beauty",371,20,16,16
5HS4UVb5BA1Z,Toys,550,22,4,28
EdjxdMXHqjSB,"Office Furniture",12775,37,65,36
utVPLgd1LM3F,Toys,200,16,2,11
lRR88G3PX3Qr,Toys,550,70,8,30
55rh1v3A5RsT,Toys,100,16,6,11
Fn9WoRGLlVH3,Toys,700,22,7,15
4xChsgAyNo2I,Toys,200,25,7,16
IJorqEKvUxeg,Toys,10400,33,30,44
1edaUIVffPFF,"Watches Gifts",584,16,11,13
EqATw7CkIvaB,"Sports Leisure",250,20,20,20
8SztrKzyxM3K,Toys,350,17,4,12
TEYFapk8uW71,Toys,500,23,8,15
f69diPjSZpiH,Toys,2600,60,15,15
vPw3Lqv7Vdqq,Toys,1000,26,23,23
pJt5I6yrQP4g,Toys,350,27,14,11
9p1qIJDPo06E,"Bed Table",400,26,18,23
sCONCvmO1cEY,"Computers Accessories",6550,20,20,20
lPfXIqK9DBEF,Toys,250,40,4,30
Fr3VdK2h1SEq,Toys,800,60,8,60
cNIQyQD7lRhk,Toys,150,17,8,14
C6UsEPgFUMcz,Toys,1950,30,20,20
Tmnhif9qEZ56,Toys,1200,27,22,39
ro08JPncYzLh,"Garden Tools",1650,30,22,30
esWD7Wxlp3sm,Toys,750,26,14,26
6kzsO3fAg0UT,Toys,1700,20,24,30
UgkSjxoiV9Ev,Toys,2600,50,10,30
MfZGjLefxNPl,Toys,200,30,4,40
3ySbE7iHgt6B,Toys,8600,45,35,35
ZERA6htQikNZ,Toys,4350,18,33,39
H9hpystS1XKq,Toys,250,17,7,11
N0i8Xp7n4Vj8,"Computers Accessories",225,18,10,16
NC6oQrQwQvei,Toys,150,18,12,15
hnvF3q1vXjmk,Toys,1400,64,10,25
9BjOYzHBsH9L,Housewares,2700,44,34,16
kY5YnabWe8A7,Toys,700,22,5,22
8ZpC5k1o6MyS,"Bed Table",1800,30,10,38
185Rjb6Jfv2E,Toys,150,16,16,16
rA0r94YD97un,Toys,250,16,2,20
o5T2zqh1Du1l,"Bed Table",3750,48,13,40
hpHCXLhysZkh,Toys,100,16,3,15
JUZSyxq6s6nI,Toys,400,20,12,15
tPlw2QcQOvKf,"Garden Tools",1800,37,22,40
20gZ5JcJwEwM,Toys,150,16,2,11
DyUOCuzEdIZl,Toys,300,36,6,26
qTxuRtSw7zhY,Toys,400,16,6,11
FiB67hfteyak,Toys,1450,24,18,18
EsjZXaqqL5SG,Toys,500,19,11,20
HdrN6JMatAo5,"Cool Stuff",1200,42,25,15
n78mjFaHd5CR,Toys,3000,46,11,29
e3A7loHfJNMi,Toys,400,30,10,30
m2RPbQhiKztI,Toys,1000,24,15,24
ePyDOBUvUhLF,Toys,5200,50,23,27
Hs1Mp7a9zuOE,Housewares,2350,29,34,16
4zuxYWXo1Zct,Toys,1136,26,29,21
SvHd01qu5l81,Toys,1750,55,27,40
ZcmkLBe1zwC5,Toys,490,20,18,16
4oHf8ykPUbnJ,Electronics,175,20,16,18
sIT9McRczJ64,Auto,700,32,15,11
Kcqn7MC2IG3l,Toys,225,17,14,13
UgkSjxoiV9Ev,Toys,2600,50,10,30
1ta7G638ICGt,Toys,400,16,16,18
KwqpyCg16vLV,Toys,350,25,8,19
0KSGneoDXExa,"Market Place",5600,60,15,40
fsxJTFaxzrTU,Toys,167,16,12,13
dMIjKDjvV70Y,Toys,304,27,17,27
67x8BavseUsY,Toys,1250,32,18,32
c7VTEPmXrH97,Toys,2150,47,23,27
czROIxe0W1vo,Toys,285,17,10,13
X9sl5gbsIDb6,Toys,1825,53,10,40
RFbIU9HGgsbn,Toys,1643,16,8,12
sCONCvmO1cEY,"Computers Accessories",6550,20,20,20
PP5cKHUvzDD5,,600,35,35,15
SsU0HktRwn4p,Toys,2800,103,8,20
vyJP4FBnuXfE,"Bed Table",1625,34,24,24
QigkXizff0DP,Toys,600,16,16,16
D27helji65vm,"Computers Accessories",188,20,16,15
Ggd3U51peXoq,Electronics,175,22,11,16
kMn6qhcCHy1e,Toys,166,22,7,14
pTrK5MYzL4Ca,"Computers Accessories",233,16,14,15
ekDgH7XkbERF,Toys,700,30,20,30
Gr38UGV3a3R0,Auto,1850,55,6,55
idE0uVGQwysz,Toys,150,18,10,11
VYgBHdDqe67W,Toys,300,20,5,15
FL1TUHCZNZj0,"Small Appliances",438,25,12,15
FeYNA37oNXY7,"Watches Gifts",400,21,14,14
HpMbJAttOmXr,Toys,3500,36,25,21
1edaUIVffPFF,"Watches Gifts",584,16,11,13
AMKIgKd1s17B,"Health Beauty",200,22,10,18
d7s1ONCR8psC,Toys,100,19,3,11
Slw56I6njkuR,"Bed Table",22250,85,23,68
TmNQvjT0kjGz,Toys,1000,32,12,26
MuEfLceNJyZu,Toys,3900,18,26,38
5J7az1rwth4i,Toys,250,16,2,20
JviVd50sxFpF,Toys,400,17,4,17
eEOwSgW8meoJ,Toys,1450,41,40,13
DWI07vcxaNPj,Toys,3100,45,28,26
7RmS7uoVwWNW,Toys,1450,20,8,20
pH255ZOAGs9Z,Toys,330,45,6,18
1bydLkiYzk76,Toys,184,18,10,13
X9sl5gbsIDb6,Toys,1825,53,10,40
Rtm1uWckrdIP,Toys,950,35,6,45
qKdBzmQEGR6b,Toys,200,20,15,15
EtE1YNUUjcUQ,Toys,350,40,40,11
biv80TWlCj5s,Toys,667,30,14,16
fcHm42Paecr9,Toys,3900,20,15,30
ro08JPncYzLh,"Garden Tools",1650,30,22,30
HqfwH9OQKTSF,Baby,300,68,7,13
9NwzO0Pm0fDM,Toys,1550,30,22,30
8NfBg6burWaK,"Watches Gifts",263,17,12,13
Fn43rroPPaVv,Housewares,9950,31,61,31
mOL0X56BS1KZ,Toys,600,16,25,11
utVPLgd1LM3F,Toys,200,16,2,11
3PufGGjYCiej,"Books Interest",900,18,25,16
VgdX8r2d5BEV,Toys,200,16,2,11
wbWo4CS8RjYk,"Bed Table",2250,35,20,30
9NwzO0Pm0fDM,Toys,1550,30,22,30
smL8TALIzsCS,Toys,300,18,18,18
qFMTnqtVwQBU,Toys,50,16,2,11
8G3cy7YsmwRw,Toys,400,18,8,12
5a3fOLvOnQ3s,Toys,396,18,11,14
ua99TuLWOUSc,"Market Place",175,17,10,19
EaD5HH3QisT4,Housewares,2000,33,35,33
K1TmcFMjeFFl,Toys,9800,86,8,40
IpYPlT2iCUvG,Toys,2000,20,10,20
znQ3QIi09quu,Toys,1200,20,30,30
CdlzSJX6L7SM,Toys,1050,100,5,11
CluD8wyoVbBw,Telephony,375,18,10,16
IfiF3xz32fhG,Toys,1650,40,45,25
FZDHwwjZA6kq,Toys,900,60,10,13
lpwYFOaMn7pt,"Fashio Clothing",200,16,2,20
0pW0IKLw9f9p,Toys,7550,60,20,29
WQQP9w9yKeSc,Toys,583,18,21,21
ZWyg4uNWPHjJ,Toys,250,16,2,11
3W6R7Eu22y6L,Toys,114,19,16,17
ro08JPncYzLh,"Garden Tools",1650,30,22,30
0vbEvli2JYJu,Toys,1383,50,10,40
FYwSFXcDOKLA,Toys,750,16,12,15
tfK6N5cTAvez,Toys,250,16,2,20
SitPMWGsmpa4,Toys,450,20,20,20
WtAWUQ3tWNcL,Toys,600,50,5,16
2X9sVYtUOoeD,Toys,217,17,12,13
TgwrwV8KV9qI,Toys,300,18,9,14
7LzWBLBgaDSQ,"Air Conditioning",23300,36,30,45
2sZ4mJ31HYYa,Toys,570,17,10,17
aU11PVCdD18D,Toys,750,69,11,11
vGWMDrSZ1SdI,Toys,300,16,20,11
hoFRvSkFE7Xv,"Home Appliances",950,25,11,15
oXSANnOMWjmc,Toys,7700,60,20,29
SLTlrWtcYt1m,Toys,1750,37,22,40
A7eV4h2TnTa4,Toys,13150,35,45,35
eTlPil30tvIn,Toys,5950,20,30,80
OyNjP3ysqnRA,"Health Beauty",1250,42,11,12
86hqk51ow8ve,Toys,1100,48,8,39
AMKIgKd1s17B,"Health Beauty",200,22,10,18
XWt9t5v5HXZ6,Toys,5700,62,5,45
rHSTHjYFnJS8,Toys,9750,35,12,30
qokqKT1Sad1C,Toys,7000,60,20,30
9XqOhSTulFCC,"Sports Leisure",3650,60,15,15
Al1GHLV4kkHl,Toys,800,39,12,17
oS0fzN8J7MVD,Toys,200,16,7,11
QFTWw9VD2QzH,"Tablets Image",300,26,3,26
6akAQN3T6ZP4,Stationery,310,21,7,15
HuJZxg0ZSCIL,"Bed Table",1450,30,15,30
LXAABPW3XQVW,Toys,3450,27,29,27
BnkgnBM3v929,Toys,825,28,3,29
cg7baQksQvLG,Toys,250,24,12,11
sCONCvmO1cEY,"Computers Accessories",6550,20,20,20
ScDLmil9uxJe,Toys,700,20,20,20
dxqEUpUCK25l,Toys,1200,69,3,43
mHk2Zzv4Vbuz,,100,16,6,11
yhM1TNmnd3og,"Watches Gifts",400,16,2,20
7kwbwv60HFm8,"Health Beauty",688,17,13,16
oLsnn56ZQd66,"Furniture Decor",400,37,15,27
zKatSTLtAXMr,Toys,1550,17,18,18
j51QRzkg2gle,"Watches Gifts",400,22,14,27
mjEfGczqEBtQ,Toys,200,18,3,12
3hFgY14cseag,Toys,5650,73,73,20
W54mp7u3hc8N,Toys,1200,25,12,25
Llc34brRaltI,Housewares,950,53,5,13
YWxNxMu4wOKG,Toys,1050,36,24,22
yy3jZQ9TmPWK,Toys,1150,40,30,20
2bEKmt47K2Hb,Toys,700,18,18,18
qokqKT1Sad1C,Toys,7000,60,20,30
Bu3jz0WW2UvA,Toys,5300,30,35,30
M1xbu1rZHmdW,Toys,3775,35,30,30
We90zEqnJ5kf,Toys,800,50,15,25
vVww8LnHEv7r,Toys,1450,40,20,20
Ro5qbHi1n2a4,Toys,300,30,20,20
3oBl40sQGzjp,Toys,207,17,12,13
WH6jI4Oqb0bf,Toys,225,16,3,13
0vaNkWb4QuHv,Toys,401,17,9,11
sXGp69dPXaUM,"Pet Shop",30000,79,2,63
wdV7yJzaz3Su,Toys,4338,17,12,14
tJaHtiDfeBKm,Toys,150,25,7,16
JPJ66l1zE5Yh,Toys,283,24,23,20
nsHolwkyHfZv,Toys,800,19,17,18
O2R5AcGi1pPF,Toys,250,25,15,25
NVjeWzEnkddH,Toys,1050,35,10,18
EhsegSMhVDd3,Toys,1500,42,25,15
mB2DVlyUOY09,Toys,250,17,5,12
Lre1ZmNe9t7N,Housewares,450,54,4,15
l6sh49n0CheL,Toys,2700,18,24,16
TRh96FQ8zGvM,Toys,2100,86,4,11
mafdaSYqkdHV,Toys,650,18,20,17
a4DDxBqRuXAh,Toys,300,22,5,15
uIWMzG16Nyx7,Toys,350,20,10,20
pYxeoC7kB4BL,Toys,450,16,16,16
KwqpyCg16vLV,Toys,350,25,8,19
ugrvzXmcIuP5,Toys,2750,16,36,36
8ihEF6PBAZuF,Toys,200,16,9,11
6GOIPLoyOWRO,Toys,150,16,5,11
xAU5QJnI3NSi,Toys,400,18,11,20
eY7BY1bzxllX,Toys,800,30,20,40
ZtPPpRvlNIWp,Toys,600,20,30,30
6DqxyRfaLCsD,Toys,929,24,16,20
KGHXuQ9KaPZp,Baby,600,20,13,13
HPOCq8vZi22U,"Office Furniture",13350,57,56,22
rHSTHjYFnJS8,Toys,9750,35,12,30
qdpgiP67LUab,Toys,4000,34,14,30
3yk93DQoQpk3,Toys,5000,40,10,40
cNIQyQD7lRhk,Toys,150,17,8,14
3hFgY14cseag,Toys,5650,73,73,20
s7nxBfS6NnTe,"Bed Table",800,25,5,25
51hcemXvOlWc,Perfumery,500,23,8,15
BBs5pwxlBEvC,Toys,1400,100,7,15
7AdHMcUA45kV,Toys,150,43,13,14
EtByr6hYFH77,Toys,850,25,18,40
FSMbCwB6BEVl,Toys,150,16,9,11
OHoZUOKSkEUH,Toys,483,17,11,13
16VKqGhTBwj3,Stationery,1000,16,4,11
ojKOZNiAjf83,Toys,353,23,15,16
OKSGQHSP60ne,Toys,155,17,11,15
YBrfIXfqyzY7,Toys,1650,30,30,15
KxEN8vKzxwkk,"Computers Accessories",525,23,11,16
ssZQDTdv1ISb,Toys,400,34,4,22
GP5mIMKK1x8G,Toys,433,29,8,25
KvidPAEAVI5p,Toys,100,16,12,12
0eSlsvSF9ddD,Toys,2900,40,8,40
SESkOgF0nWnh,"Cool Stuff",1600,42,25,15
Nfe3KW9D3aB1,Toys,14950,77,20,53
zRtWGsPGkBNx,Toys,600,40,20,20
Jxx3BrOMtFiX,Toys,250,60,60,11
qdRzLs4SKZJW,Toys,1900,35,45,20
1iLMUZGtehpn,Toys,550,30,30,30
YOSu16G3lp95,Toys,500,19,12,14
AmC7zVwdE0s9,Perfumery,200,16,2,11
qmnz65fq3lSU,Toys,250,19,4,11
LdHp6xShyzsN,"Food Drink",472,19,16,16
Zi9DvAJMTNK7,Toys,390,23,14,17
SAOblx2mMW18,Toys,450,20,15,25
Jhcat9WVor5r,Toys,1050,16,27,16
mMADZJwrkhiM,Stationery,350,26,36,11
3FuiLuhWHrX1,Toys,717,30,12,18
EOAaGJ0oiMmN,Toys,3450,38,28,28
liUAjl6NALWl,"Bed Table",1800,40,10,30
0CPQNBoV9ob3,Toys,4300,25,90,45
w5mMIm9sTgV4,Toys,6133,44,35,48
8tjp9Zke4Ihe,Toys,318,19,23,18
i10BtlKMkpvy,Toys,442,20,19,17
1YhoLFNHMplb,Toys,300,42,2,30
tAiTqs6lXWG1,Toys,950,20,9,21
Pb29t2XBfP6Q,"Furniture Decor",700,35,4,30
fYBAwpuby5pz,Toys,4300,29,7,29
hPxbivder7qs,Toys,1720,30,19,13
2m67LSn6k958,Toys,250,40,4,30
KGmqPGk8xh9d,Toys,600,16,24,22
Y8SSC5QMYNC2,Toys,700,25,15,60
f3wl6uS1uCFQ,Toys,680,18,15,17
PJK0PZHlnDCu,Toys,2100,30,30,30
Vbo0BsSUCw7I,Toys,150,16,5,12
DXeIJE6ARr3Q,Toys,2750,16,31,39
JynJkiDDCsNR,Toys,825,23,5,15
hWN8oyEHKv6p,"Home Appliances",100,30,10,15
6lptOMF6Lbf2,Baby,800,40,30,50
wP9GtrOZhHAJ,Telephony,360,22,6,11
nuF73WjvQjvq,Toys,7500,61,11,46
54pOlVzLvHwm,Toys,3000,69,11,11
QRZUjFZDGDX0,,350,16,6,11
CSZNtvlzL6O7,Toys,200,21,7,14
bFMssPOBJiPp,"Office Furniture",11875,57,55,22
kbaoSmgfO9zQ,Toys,250,16,2,11
Qq58w1JJ13ud,Toys,200,16,5,15
UgkSjxoiV9Ev,Toys,2600,50,10,30
Reh3eXLIhXXM,Toys,1100,76,18,13
29SK7AZTBsas,Toys,50,16,7,11
9xv5TRs3XoVg,Toys,1000,18,17,25
IkgGn9HxKC7r,Toys,550,21,12,20
ziBmQFvlstbc,Toys,300,16,12,20
UIah81Drur0j,Toys,1050,38,10,38
6j4aO09lRz2o,Toys,100,16,16,11
9QsZGHdJFbkI,Toys,800,30,15,15
4UAMYh9afv1Q,Toys,300,16,16,16
7WcIfhLWmvg0,"Furniture Decor",12600,74,8,74
akZjV5uMtTOT,Toys,200,16,2,11
vPIVB9jj8zpb,"Pet Shop",400,30,20,20
ZUu6bBXZ9NAT,Toys,1300,22,27,22
bl45045JCEyJ,Toys,200,16,8,11
l1LhQgdUOVBc,"Watches Gifts",250,16,11,11
EO3cDZzaD0fz,Toys,475,33,15,33
imtp46SfJO65,Toys,300,25,10,15
wnz26VweLGjo,Toys,30000,55,75,61
Fdk2TxRXDOF9,"Furniture Decor",550,24,26,24
DMDFjSf6cBl1,Electronics,175,22,11,15
iob3yttgEm2B,Electronics,200,20,20,20
Dpy0ivGUIZbf,Toys,275,23,11,16
c39Kv9uyK7hC,Toys,100,16,5,11
5p34yHlx2OtC,Toys,800,42,8,26
v2ZwyydOM1YI,Toys,1225,33,28,28
dSJez7xaNO2s,Toys,2133,46,42,13
qDgjT36KwfcF,"Furniture Decor",2500,40,10,30
jyqvHPkDKFDV,Toys,567,26,12,26
AMKIgKd1s17B,"Health Beauty",200,22,10,18
0XSYYT1BT5Iv,Toys,250,16,2,11
Ihzi06c6uf0X,Toys,1400,22,12,33
pXXEJfaptfew,Toys,600,20,10,15
ns2W26cddyRP,Toys,500,16,11,11
yJ6gQm1a0jSJ,Toys,100,16,35,11
CZvpVACyEgnx,Toys,300,25,10,20
oC5Myk2d0pMa,Toys,30000,50,80,50
1LoGNpatQYCz,Perfumery,400,18,11,11
GzRamzatLtUt,Toys,5700,60,20,50
y85unw4ZCrwp,Toys,3350,24,30,21
LkJZLIe0C1Tq,Toys,450,40,20,30
tVCHvQkyrQ1u,Toys,650,27,13,17
0vbEvli2JYJu,Toys,1383,50,10,40
e6HtaJ8b2Qp2,Toys,150,18,3,16
Hh61P9XhdxJT,"Furniture Decor",2850,40,5,44
Txae1nVVZGyq,Toys,1500,42,10,32
Ar8KJpbbLJAt,Toys,850,25,16,23
a7GwjDDa4Qa0,Toys,200,16,16,16
eg3afeqnTZNy,Toys,175,38,22,15
qiU6uljqd8aK,Toys,875,25,18,40
BaaWUXeFWSkl,Toys,11450,45,35,45
hM3tciLSO1eP,"Furniture Decor",600,60,7,14
wGeVS277GIME,Toys,250,16,5,20
PQfItRcmlj1l,"Cool Stuff",2150,42,25,15
bw7R2cl96E5V,Toys,3450,43,18,22
vnbAwsTium5a,"Bed Table",600,63,15,28
rxbw59nGUOWD,Toys,100,19,3,11
Cf0ozOaWfJyb,Toys,200,25,5,15
EG4wDSpFyTth,"Health Beauty",250,22,10,18
kRcgxcK8tivA,Toys,2200,30,30,30
ZUBR7Bz5pw55,Toys,500,40,4,30
vgWxxs3UCQKT,Toys,1100,32,14,32
5J7az1rwth4i,Toys,250,16,2,20
L6hOpvbiwzZ2,Toys,2200,50,20,40
NsfeYmlD6FXr,"Health Beauty",150,16,5,17
s284eb92Zw1i,Toys,1500,40,25,20
DH1vAsb4zM8I,,4200,64,40,48
FB77hG7UfaiV,Toys,12300,40,40,40
HowzGOP7qKip,Toys,400,69,11,11
3En0uPplug4b,Toys,125,16,11,14
hmb2Kxrb4LXF,Toys,4200,31,23,26
QZuDcoOUcH6V,Toys,850,28,12,22
1lhV4UK6Zeej,"Bed Table",350,16,10,16
7xyu0SQMZd3Q,Toys,1300,30,25,25
2zO3dG94nGiX,Toys,350,19,13,19
uY9PdYWgWxH7,Toys,1350,34,6,28
GvBzGCvvIC2D,Toys,1000,53,8,18
gNcGWEuRXEQ8,Toys,900,20,35,45
eEOwSgW8meoJ,Toys,1450,41,40,13
rKXoWNJxVSE7,Toys,6050,20,20,20
R2ovLOXQbu6W,Toys,100,17,3,12
LcoGCdCK3IYq,"Furniture Room",4350,58,15,53
UgkSjxoiV9Ev,Toys,2600,50,10,30
QIbisvh9xDt6,Toys,400,25,8,18
pzILY4Wq70GH,"Bed Table",4600,60,19,50
XyvgImfxAjqA,Toys,1300,46,7,12
vaQjTEBWaASb,Toys,150,21,9,14
24AgwBMFEDBG,Toys,480,18,11,14
DWI07vcxaNPj,Toys,3100,45,28,26
Ffe8gTdmyO3U,Toys,533,22,11,20
qeL3E0IxNO1b,Toys,200,22,14,17
bzn6XmF1vt0Q,Toys,10050,50,30,40
UxXsDKFcywR5,Toys,550,16,10,16
UEDnV2dpF1dQ,Toys,175,23,6,13
0XKWf82bYQQP,"Sports Leisure",250,16,16,16
necrrbMNcbik,Toys,600,36,11,14
a56gDCewFNeA,Toys,401,19,8,16
CmNuLTfTF12l,Toys,3000,33,12,34
phBikVcs64AU,"Food Drink",1650,24,24,24
89oT9Pz9eQaA,Toys,150,16,13,14
9NwzO0Pm0fDM,Toys,1550,30,22,30
pTrK5MYzL4Ca,"Computers Accessories",233,16,14,15
SViMF6bGosRr,Toys,1675,25,20,23
PFfWzEvwqA4Q,"Watches Gifts",200,16,2,20
DwErrH6eI5GJ,Toys,7650,20,20,20
rfsGZzBijANi,Toys,1600,30,5,30
uPpeXA6kE0Fd,"Sports Leisure",475,20,6,12
fH435HCkrbMb,Toys,375,20,16,18
B9ydGs63Ggy6,Toys,300,31,10,11
r3LHLieJAQjm,"Fashion Accessories",100,16,9,11
eeyWjfrLde8T,Housewares,10150,89,15,40
NnvybAZj9eXV,Toys,1000,37,23,35
UtVWQEl8HIwf,Toys,1700,30,23,11
6LLE6LKjEgLq,Toys,200,18,18,18
kqnu9W3lQsng,Toys,4450,34,6,28
4Xb5ukKHqJxE,Toys,30000,86,67,35
hiS8cyRGLZE6,Toys,800,30,15,25
DXG0TFaZjGHO,Toys,200,16,7,11
T9PeUENWbJIH,Toys,420,15,9,13
p8FbFeqC5g7a,Toys,600,31,12,31
BIcF7gmLhQof,Toys,18800,35,92,35
6im1C0ylXmnQ,Toys,152,19,11,11
oyBBCTHwM2mM,Toys,3700,50,30,30
a1I8dnLVWbW4,Toys,850,22,12,33
MHVkan0gSlLG,Toys,3800,30,40,30
u622sYCKyEZe,Toys,30000,60,66,29
w4YFJjKM42dS,"Bed Table",1300,44,2,35
2H8n6x4BSkuT,"Computers Accessories",200,21,14,15
HOmP1uDiX01O,Toys,12250,45,35,45
1rYxXZTQZsgS,Toys,1517,29,16,25
yF64q9xEJpAU,Toys,5000,65,25,25
POcHuuJyRlQP,Toys,235,19,14,17
10L2iYzQO5ip,Toys,1800,38,12,35
LH2UTMzGymX1,Toys,410,39,3,28
ouoTDyMDJXoj,Toys,230,19,10,15
VDEBigGAwD3J,Toys,1550,44,14,34
fnp0g7c9bgeT,Toys,1350,28,34,30
2NDHjxdUzmLC,Toys,6550,30,30,30
TfFAol9U6UtE,Toys,4150,30,20,20
3XLKFJwq289w,Toys,750,30,17,30
SuFKND48vLAf,Toys,888,25,21,20
YqsnCJmkUwAF,"Computers Accessories",100,25,3,19
EG4wDSpFyTth,"Health Beauty",250,22,10,18
lJ5QXXw9k2Iq,Toys,425,19,13,16
NIf58dAxAmc9,Toys,1225,38,15,31
4y0C3rsSif5O,Toys,400,16,10,16
6FjrxbT9ClXR,"Watches Gifts",501,18,13,14
pKZ9j8dZfrYe,Toys,250,19,3,11
f39dws6IRteN,Toys,22750,32,82,52
dAz11YkQkoue,"Health Beauty",100,20,15,15
GJlcLzqGUQZv,Toys,5400,25,45,45
joJL5tsKMBt3,Toys,1100,37,23,35
2kY1ezd6oEdo,Toys,5650,60,20,50
Lcc3XKSxCCgn,Toys,2967,20,21,14
pLTY1dxLye4c,Toys,200,16,13,13
QCWnaEXNs9dk,"Pet Shop",2500,23,11,19
43tazj2WmezZ,Toys,500,18,6,21
8NMpcxobMD46,Toys,300,17,4,12
D8qvW8E6A2G9,Baby,50,20,5,15
k1G4RHt3R7Nk,Toys,950,20,35,20
8mI5h5JIZDQC,Toys,5300,22,46,32
5DkegPXHMDGS,Toys,800,30,15,20
oZ0vdy76LOkl,Toys,400,18,19,14
eprI6SIIMwlP,Toys,1050,27,30,16
9NwzO0Pm0fDM,Toys,1550,30,22,30
VXLnSTchXRb9,Toys,150,18,6,12
tCUV6sOvY4eR,Toys,2350,20,20,20
AMKIgKd1s17B,"Health Beauty",200,22,10,18
woBWodYTSkfb,Toys,7513,53,62,26
9cHC483eOIyP,"Luggage Accessories",18400,53,77,33
cSnA1UKxqQpy,Toys,2500,50,10,40
UgkSjxoiV9Ev,Toys,2600,50,10,30
wVixVu9yCFCE,Toys,800,30,2,21
t9fjxI8Ohizh,Toys,950,16,7,12
gCcVSdlEOuof,Toys,17550,73,20,47
OC0OzjmplmGc,Toys,400,19,13,19
IJsswIGKyJVk,Toys,767,23,10,16
DuksRo7zoQS6,Toys,16250,18,53,39
8MdydCn8EvNX,Toys,900,35,22,45
SQd3hPGw7N91,Toys,1250,48,10,12
uoYYH9usTayw,"Health Beauty",1500,20,22,22
O332ZRndALYI,Toys,4800,22,63,22
0XgSp44feZwn,Toys,300,16,30,20
Biwi1BNtUB7l,Toys,1500,30,22,30
c0q5BVvDDPHx,Toys,2600,16,31,39
teYAOnLJcmg8,"Office Furniture",20500,58,28,58
5p5SFlWRdguH,Toys,5700,39,30,29
vwPq0nCxZM8j,Toys,1800,46,15,13
ImXcl5EUQbrh,Housewares,6950,35,30,35
VBq07NNCYrMq,Toys,1650,40,20,20
FIhwTyUnAqGe,"Computers Accessories",100,16,8,11
tAXwHs6fKjAg,Toys,200,60,16,11
cjZ4OtQAYbu8,Toys,650,20,8,14
z5XfF9kkctKX,Stationery,300,30,10,20
HOmP1uDiX01O,Toys,12250,45,35,45
XQMeL2jNclrU,Toys,2100,16,26,26
1VxeR25Kl2ju,Toys,2650,19,26,17
z0SkWXtIgsX2,"Sports Leisure",4550,20,20,20
vQHKwTxbtwnB,Toys,200,20,10,16
6FF0m3Deeq54,Auto,4300,92,14,21
yqEQa9Xgam5J,Toys,6000,38,34,27
aVmPdNoysLYH,Telephony,100,19,3,11
m8Yt7XB9Bb9P,Toys,1200,23,18,43
htiVXvUsfePP,Toys,900,35,10,22
7tqS6Bau0w8J,Toys,650,65,7,11
FAVgC0FyYT8Q,Toys,190,16,11,12
EurJYuMniSRE,Toys,1225,27,26,26
miBlQEmdpC08,Auto,825,25,18,23
OeahtgeWTBOs,Toys,6400,42,30,22
nJ8KIeT9OllX,Toys,300,16,8,11
BN7mbzyfagVn,Toys,850,40,5,30
jCH6hZXILAGt,Toys,200,22,3,15
mqrnNPLgsDKO,Toys,750,30,30,11
7a2JQPwYiM1v,Toys,902,19,21,16
MSmCeIbvhMZb,Toys,1150,18,18,11
7QDy5f36l3Xw,Toys,214,18,14,13
BKF4Stwoyt2S,"Home Construction",900,32,24,11
yAld7NY9dWlg,Toys,100,16,15,15
OufPTFnIpDLs,Toys,1650,45,8,40
HlwCgVs9hs1h,"Sports Leisure",4350,20,20,20
xdrZncPeF7MD,Toys,410,20,10,18
F6UhHeH1T9YS,Toys,300,18,18,16
t5tmaeXe7zRf,Toys,2300,20,20,20
YWxNxMu4wOKG,Toys,1050,36,24,22
BLeFNpoHkmnl,Toys,300,16,11,11
0vbEvli2JYJu,Toys,1383,50,10,40
Zjmd9hNbmQ54,Construction_tools_construction,2200,60,30,15
9g1MJfWSj5q0,Toys,350,31,10,13
vHnEPJP2R48s,Toys,9000,42,12,39
4kV9hTTpHRTz,Auto,2600,37,13,24
E9XKJWCUsx9I,Toys,765,35,20,48
hpms025LPgw1,Toys,9750,27,15,92
FkrbFsVhfeOO,Toys,2350,16,40,16
e3A7loHfJNMi,Toys,400,30,10,30
yHYm5ImBf6KN,"Home Appliances",450,20,13,15
pZro7tOGDM2O,Toys,350,27,9,26
7ygwvbCJFuPx,Toys,1200,40,22,30
Llc34brRaltI,Housewares,950,53,5,13
jrc0v3ZRw6Zg,"Bed Table",800,20,20,20
PyjlDSHRGdSt,Toys,1850,24,36,23
i0t6ePDfTK1p,Toys,4750,61,21,21
l8x30aSmaYzi,Toys,75,23,8,15
FmNNJfngLkqZ,Toys,2700,46,16,25
NLrrBUcslDYS,"Sports Leisure",2600,60,15,15
hBkiFwrYN6Zb,Toys,1700,16,19,16
dgjtcfgaqH3y,Toys,700,28,19,26
OuQqquC8NK0f,Toys,450,16,11,16
EYTC2Bw3pacu,Toys,16650,63,61,24
GHA7ht7cQ1q2,Toys,400,16,10,17
Ve9DayxXmGC8,Toys,10700,40,40,40
9jZHpkXBxtGl,"Furniture Decor",250,35,5,25
4xupTEMXxGZU,Toys,100,17,6,11
m49anWuLhoYz,Toys,550,16,13,11
EV3RPuyZ49GA,Toys,317,21,14,16
EKW9q8FvSD8T,"Furniture Decor",1650,100,7,15
71cSx2iGD759,"Musical Instruments",8350,105,12,45
4rXCnXkrHHoi,Toys,200,19,3,11
XhG8mF1neyDA,Toys,385,25,20,20
ilkmtkOf9RV8,Auto,250,20,20,20
G6QsRYZ1YsAN,Toys,117,15,4,12
mhEoq3ggqnky,Stationery,1750,28,33,44
LCl9Gb96LXyX,Toys,2600,45,20,20
k0tTTF06RDy0,Toys,200,26,4,19
K7OVwezVxld4,Toys,650,32,10,32
EAo7LclfBJXL,Toys,750,25,5,17
IfWfnRYxN9kQ,Toys,900,38,30,28
jXcXJ5KInEJ6,"Computers Accessories",200,25,8,20
DpWUbvbMyotj,Stationery,550,66,12,12
G6YrV5IEf7Om,Toys,100,28,13,12
7grztYpCkySJ,Toys,850,20,25,20
Oe9RxwZQV7Ks,Toys,150,20,13,18
Zix31jTkaPHP,Toys,100,19,4,11
3ilCv9SJp5bV,Toys,1400,30,10,32
rZ5pT7KeDGN2,Toys,710,19,13,14
o6Na5dqQ8W2g,"Watches Gifts",314,18,11,14
o9bf4xi4gemJ,Toys,1021,35,5,32
WYpoxZl2lCCd,Toys,1800,30,5,30
ro08JPncYzLh,"Garden Tools",1650,30,22,30
ymZvN9XtTHxn,Toys,1110,19,11,18
nhdanlZn78OG,Toys,300,20,16,16
fEHXQu1n9uQY,Toys,600,47,13,13
obaDhF5FMUjM,Toys,550,16,21,18
18r0wY8Rhxqc,Toys,525,25,22,27
BLPv8inNEiHl,Toys,200,16,16,11
CpeCg2UGCL6P,Toys,250,40,4,30
ssZQDTdv1ISb,Toys,400,34,4,22
hWgatPoY8V41,Toys,200,16,3,11
Bma2PVU1tDT2,Toys,1025,27,13,19
gero47msJAuH,Toys,4100,20,15,13
bw4D1I6O0ayl,Toys,12000,45,35,45
Qf3jXDCJPvkJ,Toys,350,19,12,13
t5tmaeXe7zRf,Toys,2300,20,20,20
XBEpnu9HfuRe,Toys,200,16,35,25
MhevxdHkxaHg,Toys,1200,20,15,15
mh7KMF2jJrlC,Toys,500,20,22,15
ZNl6BY792DHN,Toys,2500,60,12,20
QUEHyIcL4bTc,Toys,500,30,15,25
GR4hjj8p8gwr,Stationery,10100,28,55,37
JZPCyVf1h71d,Toys,1300,25,20,16
vQPNO5Q50IPf,Toys,100,17,7,11
p9G7r1L9TkCd,Construction_tools_construction,8817,43,24,47
6nR7TC8rx6Gz,Toys,150,22,6,16
SuFKND48vLAf,Toys,888,25,21,20
jDgtMDjqjy9q,"Health Beauty",521,22,19,27
qiU6uljqd8aK,Toys,875,25,18,40
dEv3b728LQYy,Housewares,10100,48,30,16
YRolJTXpxzic,Toys,1050,40,20,20
TKNiFZxm7gs7,Toys,350,16,2,20
pH255ZOAGs9Z,Toys,330,45,6,18
FOPX9zshqtx3,Toys,1600,34,12,21
Ucvi1ICtdvrc,"Furniture Decor",2050,33,8,26
fRSVOGeZ0ad1,Toys,100,16,5,20
SHW865F2HRu6,Toys,1100,16,15,15
XB6pBX00HtBh,Toys,600,30,12,15
WpztHNUv6tEq,Toys,200,21,8,17
rpc533nr2KMl,Toys,850,20,9,14
ZeMdY9hO43n5,Toys,5550,36,51,18
9NwzO0Pm0fDM,Toys,1550,30,22,30
TVOsff9OyoK2,Toys,3800,30,35,30
DIs2nKlRimAP,"Books Interest",1500,25,6,19
m8xQhrBliZkT,Toys,2600,40,24,35
WgBgXcIsrsm0,Toys,18050,75,20,50
dML22Eegctgr,Toys,650,60,10,50
DI3vtARruwmM,"Furniture Decor",1500,59,10,25
sEIo0MBTEVI5,Toys,950,20,3,20
uwEOSUWL1zOy,"Bed Table",800,45,15,35
cMHVlW1zFinl,Toys,550,28,15,20
EsjZXaqqL5SG,Toys,500,19,11,20
B9lLzGeArDTr,Toys,400,29,7,16
uRiPhca2qKW1,Toys,350,21,26,21
uEbrkSNHhC8Q,Toys,700,21,6,24
zVVb9M1SNqB7,Toys,1400,35,9,25
oCGNpgGh3YRo,Toys,675,22,24,21
LdbhKhqwAXt8,Toys,2650,30,40,28
xUUR1E5skqnc,Toys,500,30,26,22
DXG0TFaZjGHO,Toys,200,16,7,11
gKyGm7tgv7NP,Toys,5950,53,43,11
7AdHMcUA45kV,Toys,150,43,13,14
VmFhTxWYKJXI,Toys,500,105,19,13
J6P6KeNhD4DS,Toys,5700,34,29,34
dIYJodVUFOui,Toys,150,16,23,13
QCAiaLSyGTa2,Toys,375,29,14,20
zfzYxbaQFrTV,Toys,50,16,5,11
2bnCaQcuK03o,Toys,1501,28,24,21
MaqLxYChz0BV,"Computers Accessories",24050,60,40,60
nicPifXQgk0F,Toys,1350,41,10,35
IJR5KmFASqIC,Toys,750,20,13,13
GOqpmACEfJNJ,Toys,675,21,13,16
oNmPDznBCJ7E,Toys,900,36,51,15
Biwi1BNtUB7l,Toys,1500,30,22,30
5EFBA7VYOItK,Toys,321,19,14,13
Qf3jXDCJPvkJ,Toys,350,19,12,13
8VUrrTrLfyUD,Toys,3000,45,19,35
hKAQ99SlEdSb,"Health Beauty",250,23,7,15
uao0vNKhChzl,"Furniture Decor",600,30,3,20
QUwGjttsTe8f,"Sports Leisure",14600,34,12,12
ymZvN9XtTHxn,Toys,1110,19,11,18
JGMr0GHn80XX,Toys,200,16,2,11
fkq53vdM6nha,"Fashion Accessories",150,16,5,20
cbv8HBeazbHh,Toys,2700,45,13,35
5EFBA7VYOItK,Toys,321,19,14,13
cANAJmznL9Lg,Toys,6850,50,20,40
m0C6xDcjEug8,Toys,338,18,11,13
dPfNipHQW0E2,Toys,1100,17,25,17
20XDiJlDWIKH,Toys,1250,19,17,23
EXe0kVg4oH72,Toys,1470,47,9,38
RGFoDM3lIDPU,Toys,700,16,16,16
rIwCsLZ2dFTY,"Fashion Accessories",100,17,3,12
EbXvBHpCdrqk,Toys,7750,28,55,37
KFuPwSsJH9FK,"Furniture Decor",2550,30,35,30
tGBg7opMUhfm,Telephony,400,20,11,13
fxUTfPnhbMWf,Toys,1050,16,10,16
PQ102BN1gmUP,"Cool Stuff",1450,42,25,15
Y1m3aMZuudVw,Toys,83,19,4,14
CpeCg2UGCL6P,Toys,250,40,4,30
Mczda2rR96HX,Toys,450,50,3,25
26TCLiuQ4VRT,Toys,2400,42,25,15
XF26IviBJMDY,Toys,13867,101,8,57
0zTDSlwQ9rSB,Toys,300,16,16,16
fU1k4XCFxfz4,Toys,700,60,11,11
IdNW3TEDg5mG,Toys,2850,30,30,30
8Pgs7ydWwZLq,Toys,200,16,2,16
WUxtlBawYulR,Toys,300,16,5,11
vBfalprQr6S5,Toys,210,17,9,12
4xupTEMXxGZU,Toys,100,17,6,11
02HHGHzbG7T5,Toys,3100,30,11,30
h90ecsE03bGT,Toys,100,18,16,16
JVSI1iapA3OV,"Health Beauty",1350,26,18,11
1DUYn3KqqqMP,Toys,400,28,10,18
YG7qG1MQlhjp,Toys,200,18,3,20
lHWTHn6gVPsE,"Health Beauty",1650,28,14,20
NqbMhr262slW,"Sports Leisure",240,17,11,14
M9Rq7Nx8etjk,Toys,7000,26,47,27
gxSCKsYOx998,"Health Beauty",300,27,11,15
SLANLZkCbYI1,Toys,150,16,12,12
4jhvGVgrvTpK,"Furniture Decor",200,16,16,16
1hc2Si0X7qXG,"Health Beauty",600,18,9,12
LE52A6UgJAyr,"Consoles Games",650,16,16,16
FZxtiS4wCYZJ,Toys,550,17,15,22
1Dvc71ecN4wq,Toys,83,19,15,18
5EFBA7VYOItK,Toys,321,19,14,13
yifYVWda6kIz,Toys,147,14,10,12
ajtPdPNFRHBo,"Bed Table",3305,65,12,45
kUqbdpsgGOgb,Toys,255,19,15,20
AvH8fRw08EDm,Toys,600,41,14,14
h2L3kgHs7Aaa,Toys,700,32,15,21
2CCYYdUAvvAq,Toys,800,20,20,20
aYdvBRjbB200,Toys,550,40,4,30
uiDqR8v46sxt,Toys,800,16,18,20
IkgGn9HxKC7r,Toys,550,21,12,20
BMlY7hFsU3HE,"Watches Gifts",550,20,16,17
Rr4bjc79Exdc,Toys,1575,26,21,23
MqEMYLGjwPA0,Toys,300,16,2,11
JK8FCR3YCKVK,"Computers Accessories",100,16,8,11
zGY9MDzOpdXU,Toys,442,19,16,17
tbnbbvv7Sts7,Toys,800,26,15,16
Cr4758ZpNUkL,"Furniture Decor",600,30,3,20
LTZLlGYPc549,Toys,1138,35,28,24
fnjfhidlp2fO,Toys,425,16,5,14
cDoq9u33HEPc,Toys,500,35,8,35
UPlFP7qBFnWk,Toys,2841,40,23,26
d4yD9BAx5FWU,"Health Beauty",310,16,12,9
pTe66JgJ7xZL,"Pet Shop",1050,20,17,25
kr1Pp9Ezh82G,Toys,1150,16,10,16
oARv5Rawp5k6,Housewares,553,18,9,15
n3OI7HZhXTf7,Toys,950,35,25,20
OHHaQcm8bHcK,Toys,3250,66,10,51
82DpsHGTLkGB,Toys,444,20,14,16
P9CkMxPclCbI,Toys,1750,30,30,30
IihCZmnl9QCF,Toys,200,20,20,20
Nfe3KW9D3aB1,Toys,14950,77,20,53
yifYVWda6kIz,Toys,147,14,10,12
Itwt63xh9hK6,Toys,500,20,20,20
QJ8GvddqaXez,Toys,2275,34,17,23
P6FFGVEls02Y,Toys,2200,45,15,35
VeyB97J6uKFG,Toys,8550,25,65,25
MJd5ysuJ9wF1,"Health Beauty",600,33,19,13
wZHOH5R3qy6p,Toys,2950,18,25,18
5J7az1rwth4i,Toys,250,16,2,20
Kb8WTYPB9MVY,Toys,150,24,2,17
ZNl6BY792DHN,Toys,2500,60,12,20
OyhhXktZ6b1y,"Bed Table",11150,45,18,38
vs9KE60bNjLH,"Watches Gifts",200,16,2,11
q1ADIauNtT2y,Toys,8300,102,14,34
xYYwB5sPeWHK,Toys,450,27,9,18
KSgoiYcBQdB3,Toys,250,27,3,11
yJEaaj5H3JBT,Toys,150,20,12,16
ULE2GoBQG1bP,Toys,300,18,15,19
SQSXRpgyiF9k,Toys,600,16,4,13
ZZFvBfRz2Ue0,Toys,300,16,2,20
EG4wDSpFyTth,"Health Beauty",250,22,10,18
sRCy8BHJWVSM,Toys,600,60,9,50
fLUBxhVEkon9,Toys,2825,16,14,15
r2zxPI5uxj8I,Toys,225,16,7,12
SRt3ztvXrMtj,Toys,1000,40,7,34
Hh61P9XhdxJT,"Furniture Decor",2850,40,5,44
FfeUwHiAgOED,Toys,250,51,15,15
185Rjb6Jfv2E,Toys,150,16,16,16
x2473gHktSB1,Toys,900,25,12,38
Wcg5bkT3ndwm,Toys,350,27,13,17
71cSx2iGD759,"Musical Instruments",8350,105,12,45
HhAtKukEU7VT,Toys,1867,36,6,36
xnCui1Q4Zfoz,"Bed Table",250,20,2,15
4XexWj5wSRax,Toys,200,16,6,14
BLPv8inNEiHl,Toys,200,16,16,11
qDgjT36KwfcF,"Furniture Decor",2500,40,10,30
7iRqFv7rF1M5,Electronics,75,18,13,16
kqqQy5TWvV8B,Toys,100,16,8,12
rHSTHjYFnJS8,Toys,9750,35,12,30
fxaWSJa8pHY1,Toys,525,21,18,16
LKyozPiK7F82,Toys,700,26,14,24
a3O7KWdsexjY,Toys,875,25,18,40
VFKqopsYepY6,Toys,150,35,2,26
7sbsGex4YGlB,Electronics,550,17,8,16
qDgjT36KwfcF,"Furniture Decor",2500,40,10,30
I1gXL1mYgpyd,Toys,250,16,6,14
fU1k4XCFxfz4,Toys,700,60,11,11
7VkXQhYvmPFg,Toys,2900,69,11,11
boOvcMU0idLN,Toys,1800,34,6,28
VwdKgxkP6hE2,Toys,750,16,8,16
3H7nJ3Wp12et,Toys,350,17,17,17
V3e088rFbSNB,Toys,2850,42,12,40
4uFxR5dDgs3q,Toys,400,17,7,12
7waMs5p8DbCz,Electronics,100,18,20,16
efaXaNJ6mBxq,Electronics,16850,22,22,18
V9yltegErtaB,Housewares,550,36,10,16
NcH1YpbrzGFP,Toys,1900,28,5,22
RmmFSXbxESjo,Toys,1000,45,16,45
1Znz2In1ofhv,"Bed Table",650,16,10,16
QMDmqZ2wNmci,Toys,300,16,5,23
zFAlv9GHWt4I,Toys,450,29,14,15
iGWVuqvoxl03,Toys,850,51,18,11
2SJ5ovcOE5hU,Toys,100,24,2,17
xDQAbs4BvFWC,Toys,1400,42,12,11
AXyyFgS3DPmn,Toys,2700,40,15,40
mh7KMF2jJrlC,Toys,500,20,22,15
LyeYfyxwxhnV,Toys,650,23,6,16
0GII09WWgwUY,Toys,200,51,15,15
EzFDuKOqPt1m,Toys,100,16,10,15
icdtCDkjpSZQ,Toys,342,18,13,15
Rg2SKkwso0pg,Toys,525,19,19,19
g0vcxv6nESHb,Toys,150,31,3,28
4qMZeUMgH3CW,Toys,500,80,8,15
40oObpvThtI6,Toys,625,28,27,24
dAz11YkQkoue,"Health Beauty",100,20,15,15
Df2of57PnmOL,Toys,1450,37,11,32
qZoOle9tbeR2,Toys,550,19,12,16
DTUNVCYEKNeU,Toys,9850,31,61,31
kktXNGIh1TrV,Toys,5900,46,20,46
7jrXMrawS7N2,Toys,125,17,6,13
qOiDnN39CMGm,Toys,6550,38,30,28
hYHQ1u3egmM6,"Pet Shop",400,16,16,16
atYz5btJvZPd,Toys,500,30,10,11
6Kkj5iskypln,Toys,700,20,15,20
tQYL2VEuOxZd,Toys,200,36,4,28
Q64z4IQIPj1S,Toys,200,21,7,14
GVggHDIuf5mO,Toys,1150,25,25,16
jsqD7UiJ0hlQ,Toys,1000,50,12,12
50znuoa4oJAA,Toys,700,23,6,15
4x98mNux8R4e,"Bed Table",850,25,5,25
zKatSTLtAXMr,Toys,1550,17,18,18
UIah81Drur0j,Toys,1050,38,10,38
sCONCvmO1cEY,"Computers Accessories",6550,20,20,20
FIH2eLdxIr7B,Toys,600,24,8,23
KBdSXShTvFnn,Toys,200,27,15,15
YFoiX7NKpEYe,Toys,200,20,20,20
IY1Koi4TMweq,Toys,1700,38,7,28
Ejcp8dzwIfYL,Toys,300,16,2,11
dj0oFWOQX4Nc,Toys,550,16,22,12
fU1k4XCFxfz4,Toys,700,60,11,11
dHVOChJPcmt3,Toys,24700,62,16,49
zcqEYZK4gS40,Toys,250,16,10,16
ucePnNrnkTwo,Toys,1825,44,14,34
10CdCi3zYLWu,Toys,150,17,13,13
G1GtzGPseDCF,Toys,7150,65,10,65
27O0he9UZll1,Toys,10800,54,27,36
3yk93DQoQpk3,Toys,5000,40,10,40
ro08JPncYzLh,"Garden Tools",1650,30,22,30
UwNRp74lJRdY,Toys,28300,40,46,35
bfkYf8WcDtMl,Toys,250,16,5,15
oFgCuvVb8stP,Toys,1000,23,31,27
jrc0v3ZRw6Zg,"Bed Table",800,20,20,20
1R15phXqnmH4,Toys,200,30,20,20
ZTsfMadzXGDu,"Sports Leisure",2500,20,11,11
MVMYB0aa03zR,Toys,7200,52,52,17
rKSSEsw9jUbQ,Toys,185,23,17,23
rA0r94YD97un,Toys,250,16,2,20
4LdTrH9a4YmI,Toys,200,16,20,16
Sx9XdlgmwLM8,Toys,7625,61,14,61
w6Ic5SZUbJrs,Toys,200,18,9,11
MtwWvXxGBYJF,Toys,600,60,16,20
oMSSDx7aeLIv,Toys,150,22,3,15
AMKIgKd1s17B,"Health Beauty",200,22,10,18
GlJ57cBpMKqa,"Watches Gifts",200,16,2,11
ts741MllMAbY,Toys,150,20,15,20
m0Lw8m6joRAS,Toys,350,40,4,30
ADypP6ACXjXz,Toys,1050,30,30,30
rKXoWNJxVSE7,Toys,6050,20,20,20
FiVn9loUlunV,Toys,800,16,16,16
gvwzTzO3hwSE,Toys,550,28,12,12
LP9yzvAzxDXy,Toys,750,32,9,24
Qn3gZUo3DNJF,Toys,300,16,11,11
EG4wDSpFyTth,"Health Beauty",250,22,10,18
udB8d61RBVrX,Toys,100,16,2,11
Wm1k1kx2RYQ8,"Furniture Decor",1170,22,12,20
ezFgSgFLGzVz,Telephony,300,17,4,12
wAqpjobOTLMo,Construction_tools_construction,1200,16,11,11
YDylrM93oc2Y,Housewares,956,29,27,20
QCxhd0K7Mb0y,Toys,2650,30,30,20
AsXttlA3wu9Y,Toys,2400,41,26,31
IVGcm9BftiNE,Toys,1350,19,17,23
iyvfpPCGP8XV,Toys,1400,20,15,15
RIANW9r3wIvP,,100,22,6,11
HR5A4m2MRc3G,Toys,3300,46,35,35
thJV78nbF0Qp,Toys,500,16,5,11
l0XR3rVUXwyX,Toys,350,26,5,13
GavSdPcpyNTU,"Computers Accessories",840,20,11,19
eTlPil30tvIn,Toys,5950,20,30,80
iNUlfDQEmael,Toys,800,26,9,24
Di5NJMltMaKR,Toys,7150,35,35,35
JzQHIJlMka7c,Toys,800,21,6,28
iGSl8TDDHEtv,Toys,150,16,6,11
ro08JPncYzLh,"Garden Tools",1650,30,22,30
lbMQLthWk20s,Electronics,200,16,6,14
qWncSQgQLX3N,Toys,1200,22,13,22
iz5RuI4rqUr2,Toys,300,20,10,15
JCdfJbT3dMnM,"Computers Accessories",200,41,2,29
xO7JMlnR715u,Toys,350,19,11,23
lJLs2mlKhVCa,,220,21,11,16
X9WYVlagrL0i,Toys,120,17,9,11
y9y6dBHUqHig,"Computers Accessories",1583,18,15,12
9NwzO0Pm0fDM,Toys,1550,30,22,30
uhvQEAoGtiSX,Toys,350,23,7,15
JcoKEC7wQlWZ,Toys,968,27,20,21
h6yTXc9iXrV0,Toys,250,17,4,12
g6q3JidloEfW,Toys,5850,60,20,29
ZKwPIxYPMBac,"Sports Leisure",300,20,20,20
1Ds2HvWxpkv9,Toys,50,16,16,17
WuV4O7F0il8Y,Toys,600,22,4,13
7grztYpCkySJ,Toys,850,20,25,20
tUsiUSSA42Ac,Auto,200,16,2,11
ro08JPncYzLh,"Garden Tools",1650,30,22,30
WAS8PMHbNdja,Toys,150,16,16,16
Gy2Cfv2kyXj0,Toys,30000,55,75,61
xX35smKe93PM,Toys,1533,39,13,32
1LpXCV33vp7e,Toys,9700,27,15,92
13VDSqcgtBcJ,Toys,15100,59,32,22
xQ7EROtjbYM7,"Luggage Accessories",20850,50,50,50
S2nn8qNhSybo,"Sports Leisure",200,18,9,13
yK9OJ51KokyH,Toys,170,23,5,16
E9UgM2MvSJ8l,Toys,8350,50,27,38
aPFHORqIkLVC,Toys,830,19,6,26
GmgXGONutNxg,Baby,6600,45,25,35
dooIJeivMlv6,Toys,150,19,12,16
icdtCDkjpSZQ,Toys,342,18,13,15
e3lz5eU8UHJd,Toys,5575,60,22,47
oX8dgtFlR8Vj,Toys,1750,30,30,30
syPzaPIKVZS9,Toys,3700,45,11,65
TOOtACwCpI9S,Toys,7050,50,21,21
b6rAL23rldjq,Toys,750,30,30,30
GLDMA36wACGF,"Computers Accessories",900,30,15,15
lQIKO7soqc5z,Toys,200,20,10,30
SvY2hu4Y4H0a,Toys,1520,22,20,11
bM7qWiTno0zu,"Watches Gifts",300,16,2,11
TBEACkiCz0pU,Toys,11750,82,7,72
j4WGTbJtEqnQ,"Pet Shop",900,26,19,23
jv2s0Ut6lhXZ,"Health Beauty",2550,38,42,25
ze5QpkBiFLIt,"Office Furniture",650,40,11,11
IbaF41e8SgRm,Toys,2000,35,9,25
n4SKXKMNNeWx,Toys,500,16,15,15
VsSrPBpWebm0,Toys,1000,33,44,19
bzuux5q6sc7C,"Sports Leisure",175,17,10,13
ljV92XZ8Ntd1,Toys,500,20,19,17
XQiTy1cY0XoM,Toys,450,38,12,14
lb087pgOOySf,Toys,1000,25,20,20
VfA2NcZ5z5dE,Toys,150,18,18,18
QlxXLP2zAEaO,Toys,200,16,6,11
s5MnuKK5IeUJ,Toys,430,17,13,13
5fTXUl6kH6nK,Toys,5833,36,6,21
AIocSZbjA2cq,Toys,500,50,11,11
q2QS5fFBTu6z,Toys,2000,30,20,30
i2oQzlOAi9DX,"Fashion Accessories",300,25,10,25
rHSTHjYFnJS8,Toys,9750,35,12,30
x2473gHktSB1,Toys,900,25,12,38
Mb037GbMfoRI,Toys,800,100,5,20
gyCm1QS60Z2r,Toys,500,40,15,40
Mn5rxwsJ7qI3,Toys,668,21,25,21
qzai9lxH6t4t,"Sports Leisure",750,26,23,23
x2473gHktSB1,Toys,900,25,12,38
1Shu25hw8jmU,"Sports Leisure",150,16,16,11
7hUwTf8ZqicR,"Consoles Games",200,16,20,15
SESkOgF0nWnh,"Cool Stuff",1600,42,25,15
rKXoWNJxVSE7,Toys,6050,20,20,20
LMolSsAJN2A5,Toys,1700,16,40,38
KmXbs6ysqxYL,Toys,100,16,3,23
qwlKVKmj4mjb,Toys,16550,58,32,32
JNXajwP63W7r,Toys,30000,60,70,60
sCONCvmO1cEY,"Computers Accessories",6550,20,20,20
sCONCvmO1cEY,"Computers Accessories",6550,20,20,20
2Sht5Ify9u5z,Toys,541,19,12,16
s7PJdDPH7lUE,Toys,950,30,30,30
dAz11YkQkoue,"Health Beauty",100,20,15,15
JPJ66l1zE5Yh,Toys,283,24,23,20
0vbEvli2JYJu,Toys,1383,50,10,40
MLHQ6TCwsWYW,Toys,900,31,16,16
HuirDKX4KhCI,Baby,417,19,13,13
dTRcWWK3dG8C,"Furniture Decor",800,24,11,17
YBJGlqU74Kps,Toys,500,45,15,35
aTlLtu7ett3N,Toys,10200,56,30,34
c39Kv9uyK7hC,Toys,100,16,5,11
4CmJvnpBfUMU,Toys,200,20,15,16
poyljoTAnq9L,Toys,900,44,2,36
0TrYhzefvMnj,Telephony,100,16,3,11
7grztYpCkySJ,Toys,850,20,25,20
LKyozPiK7F82,Toys,700,26,14,24
5O2uygQuIz43,Housewares,15000,52,28,52
g0vcxv6nESHb,Toys,150,31,3,28
Egy8LehlwDT7,Toys,1580,66,13,45
VBy6T8nuWyMy,Auto,50,17,10,15
iXx5isihu6CK,Toys,250,32,3,24
6FucextzO1X8,Toys,700,25,2,17
jI0zp4wqOHsC,Toys,1200,36,15,22
SLTlrWtcYt1m,Toys,1750,37,22,40
x35qGmyX8GzZ,Toys,600,28,4,37
gvwzTzO3hwSE,Toys,550,28,12,12
GLJFW3Hpbnlc,Toys,150,19,27,27
JAu4g8yDe6de,Toys,400,16,16,16
jeotX0J8QUeW,"Computers Accessories",900,28,18,14
yY71hVl2rxT0,Toys,2975,35,22,17
whOQcIDpLYmd,Stationery,200,16,10,27
Rugpsd6wUZpm,"Watches Gifts",757,19,14,15
OTfNqdPS3xMv,Toys,1000,35,10,35
HksoLKL5Q7Ov,"Bed Table",750,40,4,30
5B6SQhOf0C0J,Toys,150,20,2,16
4WH8lPHTj3pk,Toys,1800,53,4,43
pTe66JgJ7xZL,"Pet Shop",1050,20,17,25
h2L3kgHs7Aaa,Toys,700,32,15,21
6g55UdXDaWLS,Toys,1050,23,93,118
xAU5QJnI3NSi,Toys,400,18,11,20
bWoMHuBg7TY5,Toys,7700,35,41,43
ktGNsH547Fsg,Toys,600,20,22,14
q0IJyjGCcfqt,"Costruction Garden",550,20,16,30
1FOJPZPGtdxs,Toys,550,16,25,12
4hXxGK21DBq6,"Watches Gifts",165,16,10,12
27O0he9UZll1,Toys,10800,54,27,36
EFzIT8V0AK1z,"Office Furniture",15000,50,90,50
COySv0ts9Ojd,Toys,2800,40,15,40
lQk0cC3Fqe89,Toys,250,16,4,11
ySnqyiN9aAKz,Toys,821,30,14,15
6DqxyRfaLCsD,Toys,929,24,16,20
6nOsj3MJpuDf,Toys,850,24,20,24
2vhjo4spWoIW,Toys,300,17,4,12
q6zni6G5KCcE,Toys,1800,25,14,23
0TeOsTljJM6v,Toys,100,17,10,15
lFGT2p3CDtxY,Toys,200,22,3,15
LZtu0khh5uCK,Toys,500,16,16,12
FNKIqU40hVPa,"Sports Leisure",900,50,6,20
f4SEvesVar1t,Toys,250,19,5,13
Qf3jXDCJPvkJ,Toys,350,19,12,13
aro2HMw8bF75,"Pet Shop",20450,35,35,35
7grztYpCkySJ,Toys,850,20,25,20
ydlkZr7eyZVA,"Garden Tools",1150,25,20,25
ihmIydLcJDUj,Toys,1100,69,11,11
hrjNaMt3Wyo5,Toys,1850,37,22,40
BepMb9BmKjWK,Auto,12200,62,62,19
qXNMia6kfUc0,Toys,2600,16,16,16
N6A9QU2RHSid,"Health Beauty",300,21,8,27
3oBl40sQGzjp,Toys,207,17,12,13
SDR0fHk1SL84,Housewares,250,16,16,16
cObsawtXex1T,"Sports Leisure",300,35,6,11
D3JtKa8zsl0o,Housewares,1000,25,32,25
aZ6oNG1iMqOH,"Sports Leisure",100,16,6,11
UbaCj5qCnU0p,Toys,1800,50,7,35
CLEWRJ0lbmI5,Toys,8683,54,64,31
ilFpMx4rU7jx,Toys,300,18,18,18
H29FgNKK0Ysz,Toys,1700,30,35,25
EG4wDSpFyTth,"Health Beauty",250,22,10,18
pjFO4VHIfUi9,Toys,350,22,5,12
UldxfnJ5gpmV,"Home Appliances",1200,35,20,30
NHggu5txHHq6,Toys,29800,95,19,66
mUzVm5ukrxKM,Auto,5950,65,11,65
PUwrXVOioydb,Toys,240,19,12,14
VPeKM1EB7I8L,Housewares,9650,62,35,37
HDq02GU8zCWs,Toys,3008,32,45,32
4xupTEMXxGZU,Toys,100,17,6,11
VyvqSoUrvQ46,Toys,363,18,13,13
oWt4r9r9oC1i,Toys,442,20,16,14
hfZJrlzbESh6,"Sports Leisure",1300,100,8,15
Vcphbks3Pkde,,200,28,9,18
OeLPvUVDALzr,Toys,1158,25,15,23
rh8fk7duriwu,Toys,16400,57,55,22
Ffe8gTdmyO3U,Toys,533,22,11,20
uBmqhUSkJsoL,Toys,6700,50,20,40
EG4wDSpFyTth,"Health Beauty",250,22,10,18
Td9usNUplzEt,Toys,18600,58,40,49
YGmBOT1Elsr4,Telephony,100,16,11,9
VvxQC9zcyrJ7,Toys,3950,42,14,22
TVaOel15WLPv,Toys,10400,30,10,30
FkDNIFiX19cI,"Computers Accessories",173,18,13,12
AMKIgKd1s17B,"Health Beauty",200,22,10,18
dsk7g8qLzwmM,Toys,1100,16,26,12
X37L5L7i29Kf,Toys,1225,19,17,22
1blTgqebgLTo,Toys,150,24,2,17
LCIb772hnsqf,Toys,300,37,23,24
KbN9lsh9uJef,"Garden Tools",150,16,2,11
NSfUnfk91LWY,Toys,7417,102,46,11
NbN4oQ45U3u6,Stationery,2400,28,55,37
5D2efPA3EInD,Toys,4200,31,43,21
hIJmkkOE9Lue,Toys,950,40,15,31
kPPSustsETnR,Toys,250,16,2,20
tnCQrhQ6UyCn,Toys,100,16,10,15
0TeOsTljJM6v,Toys,100,17,10,15
XA4cItS43lSU,Toys,1167,19,16,16
6Ww1i7qd1Zqu,"Cool Stuff",1200,42,25,15
USrWNwdVuUhu,Electronics,1250,26,10,18
yvhavTNEyXTv,"Watches Gifts",500,20,13,13
MTXGMHcME1qQ,Toys,350,25,10,20
A6Np0ccyVvdA,"Computers Accessories",300,16,8,16
1Ds2HvWxpkv9,Toys,50,16,16,17
8LQ1KNC1uffD,Toys,200,16,5,20
2H8n6x4BSkuT,"Computers Accessories",200,21,14,15
hzXAKqYzQbIx,Toys,5300,30,30,30
8Tlb7Xc9LP3L,"Bed Table",1050,35,10,45
bas60VRRER0k,Toys,750,22,23,22
PPD04tJyTjHc,Toys,1300,30,30,30
Ffe8gTdmyO3U,Toys,533,22,11,20
WgBgXcIsrsm0,Toys,18050,75,20,50
EG4wDSpFyTth,"Health Beauty",250,22,10,18
lTvhzQRh1kwJ,Toys,250,16,2,11
AjFi9RspMrwZ,Audio,343,19,11,13
MKYXgixFgu1K,Toys,6850,47,23,37
T13mhFSpsePI,Stationery,1900,40,10,30
9xxu2dxbZbQO,Toys,600,22,6,20
3CDBf6ByTJrR,Toys,250,20,18,20
KNzyyeCfT6Jw,Toys,7150,47,26,35
VRyrqrmHas79,Toys,100,25,11,11
D6PhKluoirwj,Toys,725,32,22,29
DsP0QUh8tgta,Toys,100,20,20,20
FLY8ZX17DCIm,Toys,850,40,28,25
C8FgzAGeolXg,"Health Beauty",342,18,14,14
kpaWBO7LJ3AD,Toys,560,19,13,17
pt8H26MN6BBM,Toys,1300,16,10,16
3H7nJ3Wp12et,Toys,350,17,17,17
9fYKg4CN7fMU,"Fashion Accessories",200,16,9,11
OyECAoOQX8Ah,,2300,29,13,25
7P4IETFqdiY3,"Cool Stuff",188,16,9,14
DZKCJ2AuRqJz,"Musical Instruments",7450,40,40,40
dAz11YkQkoue,"Health Beauty",100,20,15,15
Vnm9sLCZBF4Y,Toys,400,21,14,14
BLPv8inNEiHl,Toys,200,16,16,11
RZxlexHb7Zag,Electronics,200,20,10,20
NHyp0l7Ib6k1,Toys,150,30,10,20
KgM2jmlkkymm,Toys,5300,30,24,38
ZXovpdRd8Zs0,Toys,140,16,13,12
DRtdfydxe124,Toys,608,22,15,18
o0wzlENKuuPY,Toys,600,17,17,17
ztEoP22HkfQ2,Telephony,300,17,4,12
VPvYK73wAKCV,Toys,850,20,12,20
oUaq0Emczjrp,Toys,175,23,21,21
IB0IS22YFKwy,Toys,5446,21,14,18
tAIuFXY2nJTN,Toys,700,29,7,16
PWl2yBtu82h0,Perfumery,250,20,8,21
l0XR3rVUXwyX,Toys,350,26,5,13
olFNXdvpJKtK,Toys,450,69,11,11
x2473gHktSB1,Toys,900,25,12,38
kbaoSmgfO9zQ,Toys,250,16,2,11
qZau4zfqeCLo,Toys,250,17,4,12
OUyfvNrsmTIE,Toys,300,16,2,20
aZ1aneUqyncU,Toys,125,19,5,11
eTJHtuyxOE8E,"Computers Accessories",103,16,10,11
oUaq0Emczjrp,Toys,175,23,21,21
KwqpyCg16vLV,Toys,350,25,8,19
Kr5zHT4pt7Gs,Toys,340,18,9,13
6Blx56w4jbyX,Toys,600,40,4,30
zHF9fS9xgPWn,Toys,5100,65,25,25
Pb29t2XBfP6Q,"Furniture Decor",700,35,4,30
rHSTHjYFnJS8,Toys,9750,35,12,30
7HjDdaLtoqJz,Toys,200,19,4,11
Rk0WOQWrHvq0,Toys,300,35,5,25
td2upDIIkGUd,Housewares,11250,40,40,30
wSBzTMDOzyGf,Toys,700,69,11,11
aDLrFSnSdkJb,Toys,500,25,9,18
ZPFXHjrX3b8r,Toys,1800,66,7,38
4eFJ1oV09aPQ,Stationery,1900,49,12,36
Biwi1BNtUB7l,Toys,1500,30,22,30
x8Lsn6dModFB,"Cool Stuff",7100,36,47,32
CxXqILDjt7qm,Toys,300,17,4,12
UiOSmZrwZijl,"Pet Shop",6200,69,10,49
F99E7JXx3Lbb,Toys,488,18,15,17
AMKIgKd1s17B,"Health Beauty",200,22,10,18
tHPavTpCiXx0,"Health Beauty",200,16,4,16
SLTlrWtcYt1m,Toys,1750,37,22,40
2vFEY0c4ZIPU,Toys,325,21,14,15
ATu1RgIDA0rM,Telephony,300,17,4,12
bMYr15XghJzD,Toys,550,33,7,11
DgfWe3wVbc5Y,Toys,950,55,11,11
zCuOGN9gGrcg,Toys,7000,20,62,35
EY2vEtE5oHjr,"Watches Gifts",235,16,14,14
etGD18i4KjUY,Toys,600,25,37,36
JUZSyxq6s6nI,Toys,400,20,12,15
8rm2M7ki1r1y,Toys,200,18,15,15
guKD6CdA1ReN,Toys,2900,67,3,31
D7LhD8wVd8Iu,Toys,286,18,11,14
JSf9OtrZlVSW,"Health Beauty",1200,21,13,19
zRtWGsPGkBNx,Toys,600,40,20,20
WPWCvnZlauQs,"Garden Tools",8000,49,28,57
thVu8wtNKd5H,Toys,2900,35,12,30
1WpAJOFFhR8N,Toys,150,16,5,20
XxHHeycRQRnp,Toys,700,17,17,17
hM3tciLSO1eP,"Furniture Decor",600,60,7,14
ajtPdPNFRHBo,"Bed Table",3305,65,12,45
71NSrL41eqam,Toys,1350,45,10,55
E9UgM2MvSJ8l,Toys,8350,50,27,38
SLANLZkCbYI1,Toys,150,16,12,12
zc3Kr0vGb4YN,Toys,1100,41,9,31
uwKYY7DBmVxY,Toys,1000,42,25,15
HZTKCt76YBru,Toys,600,16,17,17
c9coLgzgeyaP,Toys,150,20,10,16
iewsbVh6b1Vi,Toys,650,20,30,25
dvTBuno6csPg,Toys,5000,30,31,30
Jxj0ANSzknDP,Toys,500,24,6,12
zaqoILzcXvSK,Toys,600,23,17,15
uxDRXVLt6XUZ,"Air Conditioning",10050,35,28,16
haXPGTwEeTPf,Toys,1538,25,36,31
ZJHUIC3O02fe,Toys,1300,38,15,23
j289lRqTnlNS,Toys,267,16,16,16
eJ0WKujR01gm,Toys,950,105,10,11
Ynf0Pdb4FPdr,Toys,100,16,8,19
cyCC0fkLmcqw,Toys,513,19,15,18
ZTsfMadzXGDu,"Sports Leisure",2500,20,11,11
KbN9lsh9uJef,"Garden Tools",150,16,2,11
SLANLZkCbYI1,Toys,150,16,12,12
2NAwWYyC8slh,Toys,1200,50,18,50
KwqpyCg16vLV,Toys,350,25,8,19
AWyniYdyiJuM,Toys,250,41,2,29
uhR7YKVFm3CF,Toys,1400,20,30,20
1fVd9jOo0h3J,Toys,2600,42,11,36
9PkNjNN9uYHe,Toys,389,20,16,16
EtFLRY4KQ32K,Toys,800,28,25,25
lORdkDcFwGYW,"Health Beauty",300,20,10,15
BDVo2iX3JNPF,Toys,200,16,2,20
KdEj8si1lTtE,Toys,1200,36,14,36
knZmXk7wzXxJ,Toys,750,18,30,11
AczHczAUm8qJ,"Furniture Decor",30000,70,60,60
FkDNIFiX19cI,"Computers Accessories",173,18,13,12
N6w5sp14LqYs,Toys,1550,32,10,28
BmlArwsBhESM,Toys,1950,33,44,19
1Uq181JPr7Pf,Toys,500,17,16,12
UhqtjlQWS0Vy,Toys,200,16,2,11
7RYieb3htbjj,Toys,300,16,16,16
ku46xqtVTAOE,Toys,740,26,15,19
89oT9Pz9eQaA,Toys,150,16,13,14
4T2ZQSbVFjsV,Toys,1800,31,36,31
tdFs2qS6KBlj,"Consoles Games",100,20,3,15
zWrvzS2YEhNO,Toys,1183,20,24,19
yifYVWda6kIz,Toys,147,14,10,12
yDqfh9LPF3Fg,"Bed Table",400,40,3,40
IEjcCzPdKYyF,Toys,2600,41,8,36
Bp2UR8L9Q9VG,Toys,1375,30,6,22
nT5DTcrTRi95,Toys,275,16,11,11
hAuDjyAEzg8l,Toys,500,17,19,14
Aj7FJrJRcGHS,Toys,8750,36,27,54
uGZ8DKG6K30D,Toys,50,19,3,11
CUeT91uIShZi,Toys,600,16,10,16
QmCdA9gRTybZ,Toys,250,16,2,20
a4uIXfwfBhWg,Telephony,200,22,8,15
T58tBW6zFi3S,Toys,2200,30,35,30
H29FgNKK0Ysz,Toys,1700,30,35,25
2TCbdiCMvn0E,Toys,710,20,14,17
4eFJ1oV09aPQ,Stationery,1900,49,12,36
PItW9d8a6jYv,"Bed Table",3450,50,10,30
1edaUIVffPFF,"Watches Gifts",584,16,11,13
rFrBwgxjAm0G,Toys,2225,33,20,17
CLNGHSRBFxql,Toys,5650,77,16,19
jqZ4raWR0a77,Toys,150,20,10,20
YQow9yeozVG0,Toys,200,24,4,18
A9uX3n3mRHo6,Toys,250,18,15,16
AqF6GEeJ3r6x,Toys,475,16,13,18
B4h26IRoUNQq,Toys,1550,37,10,29
nYJ6JhDmlgum,Toys,600,25,5,26
6bvQWHtMGCgw,Toys,488,19,12,16
Dfv8G8hvZ2y0,Baby,470,29,10,25
sCONCvmO1cEY,"Computers Accessories",6550,20,20,20
fBRPDvt9smc9,Toys,315,14,13,13
Oe9RxwZQV7Ks,Toys,150,20,13,18
2m67LSn6k958,Toys,250,40,4,30
rIwJWsXazLQI,Toys,150,16,6,11
d1qIO9rdM3Rp,Toys,300,17,4,12
lI12o5ucCeGE,"Computers Accessories",810,16,10,12
Db9Fy0A0f8Le,Toys,1850,40,10,30
nf4TbDTVdiRh,Toys,2900,45,15,35
cNIQyQD7lRhk,Toys,150,17,8,14
mqrnNPLgsDKO,Toys,750,30,30,11
Rjw0BeUUy4Gk,Toys,1200,16,16,16
CRaf3UW1scDH,Toys,1300,38,7,31
MvgAqYUxUFL1,Toys,275,18,4,12
RXVEkfBO6tx3,Toys,100,16,7,11
jnMCamA2TPii,Toys,100,19,3,11
udMZdfuGiNgB,"Health Beauty",5150,16,16,16
kcCEBVHhv2Qf,Toys,1200,30,5,20
b1Zug4NODyWf,Toys,1475,28,18,19
CeHIHaYsppzV,Toys,425,28,13,18
lg9tuTPSL0oH,Toys,250,20,20,20
79KIxYfGGBai,"Health Beauty",900,94,31,41
v5nCR4cuovu9,Toys,600,16,10,16
GB33UokfHxLv,Toys,100,16,16,16
uV8aJmwNuzUk,Toys,1950,24,35,26
D27helji65vm,"Computers Accessories",188,20,16,15
LMZxqlyRDuPY,Toys,50,19,4,20
dvwGHgRT30ZY,Toys,200,16,10,11
ota760C5pNtB,Toys,12800,45,50,34
EG4wDSpFyTth,"Health Beauty",250,22,10,18
5v7DTuMQwUAc,Toys,400,40,10,25
p4OJVkjqLIYy,Toys,1000,20,12,21
2anu9z1mZTJD,Toys,100,21,2,15
eubUuxfY8qSx,Toys,450,27,27,27
JyBhiUYADnbo,Toys,250,16,7,11
h6MCbrwh5kiC,Toys,2301,32,35,34
oopkzXnrDCEx,Toys,200,16,8,11
p9owG1LeMQyo,Toys,2100,30,24,25
MxQIAZFTn9op,Toys,2800,48,27,18
YHmyQbrEUM7d,Toys,3000,33,30,34
ZHpOFiDUJQcr,"Bed Table",1975,41,13,31
pmTDNfwnUPmh,Toys,800,16,23,15
SLANLZkCbYI1,Toys,150,16,12,12
9vAtNpeWJayF,"Health Beauty",425,20,9,18
xn684btpX3kP,Housewares,267,22,11,19
HhAtKukEU7VT,Toys,1867,36,6,36
uhYBBf6xmriH,Toys,450,20,6,15
71O35nGej4B1,Toys,50,20,10,16
f1ynNEN2eTLP,Toys,700,21,15,30
kXhyeb7TqrpJ,"Furniture Decor",700,60,7,11
gFLpkSCLRl6R,Toys,4500,50,8,45
fzSHRT7wfD1T,Toys,8325,43,14,33
m9ZLO7c0eywt,Toys,450,28,32,23
tU9m3rrQIORC,Toys,1800,16,16,16
XqmdGKRbTetH,Toys,160,19,11,14
mlh1QSbPODrn,Toys,800,42,36,25
0DoQRZJFrIMa,Toys,650,24,14,18
sCONCvmO1cEY,"Computers Accessories",6550,20,20,20
GvBzGCvvIC2D,Toys,1000,53,8,18
5J7az1rwth4i,Toys,250,16,2,20
q8OZmy0zONou,Toys,697,17,23,17
maYW64d0zwwV,Toys,225,18,15,12
M9Rq7Nx8etjk,Toys,7000,26,47,27
NTJNxSS03cG3,Toys,6950,40,30,40
SUNjn8Lc6Cxg,"Bed Table",1600,43,8,33
drlI39peM3ze,Toys,275,16,5,20
0qtItiuCYJLB,Toys,1800,35,20,30
hoFRvSkFE7Xv,"Home Appliances",950,25,11,15
wEXYeIBMtNpz,Toys,1700,65,6,50
gi7fcDJxc5dH,Toys,1250,40,10,30
GvBzGCvvIC2D,Toys,1000,53,8,18
OC0OzjmplmGc,Toys,400,19,13,19
DXG0TFaZjGHO,Toys,200,16,7,11
dK1XIMKScwRh,Toys,1400,30,4,30
REDvzICOy8vB,Toys,550,33,2,33
xnCui1Q4Zfoz,"Bed Table",250,20,2,15
YWxNxMu4wOKG,Toys,1050,36,24,22
i8rOWNVCU8SG,Toys,200,17,11,15
FlXZ9zvsfYJ5,Drinks,175,23,16,16
G0Jl0sANrl5j,Toys,1600,38,7,28
hnvF3q1vXjmk,Toys,1400,64,10,25
xEjPSAgMeMpt,Toys,1000,35,7,24
W3vUwpX8kNij,"Computers Accessories",700,18,8,16
IPGqbE9mezk6,Toys,200,29,7,16
raeoGi7lSKIv,Toys,350,25,9,19
bfkYf8WcDtMl,Toys,250,16,5,15
uPFptHwK8uyj,Baby,280,17,6,11
MpPQCbiXdz6C,Toys,433,16,8,14
6Blx56w4jbyX,Toys,600,40,4,30
3GqlpGiUACFb,Toys,150,22,8,16
aj4kbcxNEnZj,Toys,4000,30,35,30
bXSxvy6jL1DU,"Fashion Accessories",100,16,13,11
FKoHGd43nb02,Toys,350,17,4,12
RPV7JRoIMzkP,"Cool Stuff",600,20,20,21
gDAnL6Pf0lgF,Toys,500,40,15,40
qwwmgwg8mrv9,Housewares,1050,100,3,15
k9jPBiec2Sje,Toys,450,25,15,15
D8ifAETn6l99,Toys,1500,45,15,35
RMMYEJJp2vdt,Toys,20100,43,79,41
8htjhxFaVXOn,Toys,417,22,25,27
OaBaCQUhQOsK,Toys,150,16,6,14
pnUU8DAuFMxG,Toys,200,36,15,21
BDySfSd9Agjm,Toys,1400,40,10,35
sB3mH3n4QEcI,Toys,1300,50,9,41
hsYU9OStjccx,"Furniture Decor",1900,28,19,21
6y4Svg7F46Ll,Toys,500,47,10,36
8opgOxWwKmAi,Toys,250,16,4,11
IJJL2iT7InlD,Toys,450,16,4,20
y2x58tHZpF8a,Toys,600,20,20,20
Af4Qy8RYO58h,Toys,470,22,12,15
ojKOZNiAjf83,Toys,353,23,15,16
MHdE3eLzgguB,Toys,336,16,13,11
HDq02GU8zCWs,Toys,3008,32,45,32
LCYomi3ZR4m0,"Books Technical",950,29,3,21
WmSvr62zpOrt,Toys,5350,40,20,40
qokqKT1Sad1C,Toys,7000,60,20,30
wy2CxzyxCt5J,Toys,1200,30,21,26
6kzsO3fAg0UT,Toys,1700,20,24,30
KeAncvpu3Mlz,Toys,950,46,6,36
7b6Ed2fWIBom,Toys,175,22,13,17
XFKjFev5ui8N,Toys,1100,31,11,26
0vbEvli2JYJu,Toys,1383,50,10,40
w1agkAoeqUef,Toys,175,17,12,14
PQRc7U9pTpoK,Toys,5550,50,10,50
tIYV9uGHQWSD,Toys,200,30,10,15
rVSVn1WTpMot,"Watches Gifts",560,18,11,16
iRfmqpDKq7k7,Toys,1700,34,7,32
6Ww1i7qd1Zqu,"Cool Stuff",1200,42,25,15
Usi90p4RKMY1,"Health Beauty",434,20,16,18
bIWHRn0RwV5F,Toys,9900,40,20,30
6jT34sBycckE,Toys,1700,100,7,15
HdrN6JMatAo5,"Cool Stuff",1200,42,25,15
t3g7DixNxSA4,Toys,300,16,7,20
xbisVxCNKFZB,"Furniture Decor",26400,75,45,49
GarjhCi3FPLP,Food,3350,20,21,20
TQZM9o2byyHa,Toys,5700,20,15,13
mwlDII1pL31s,Toys,6650,23,19,29
WB17mpqGxW2B,Toys,450,18,8,13
Gekt9uosMBMp,Stationery,250,19,3,14
fUMFiGHtyHYJ,Toys,300,27,13,16
3GEQnyfaGlv3,Toys,5375,29,31,41
hoFRvSkFE7Xv,"Home Appliances",950,25,11,15
q7o1JSfqPl3E,Stationery,800,29,10,25
HBTjCFiRv8Uj,Toys,550,33,7,22
0vbEvli2JYJu,Toys,1383,50,10,40
exC8jW0HUbD3,Toys,200,16,10,11
dklNWLdsGLDD,Electronics,1836,61,6,24
hn7szEJHw5LE,Toys,792,19,14,16
8RPVxbvn4wxa,"Sports Leisure",1032,17,15,16
poyljoTAnq9L,Toys,900,44,2,36
dW6bwF1msrmZ,Toys,1150,35,25,25
10L2iYzQO5ip,Toys,1800,38,12,35
eeyWjfrLde8T,Housewares,10150,89,15,40
Iq6XSSze0Wm8,Toys,750,31,9,26
b6rAL23rldjq,Toys,750,30,30,30
tMfwwYrkEFut,Housewares,400,27,9,18
aAsTdEYzIfvv,Toys,200,22,11,16
OLvPwNvRYNPe,Toys,2800,28,23,23
FP9wdR0BvLeW,"Fashion Accessories",150,16,16,16
jfGr5fkMKnlQ,Toys,5000,88,58,13
XwDr7D9o2HrG,"Cool Stuff",700,25,5,15
ZXvSRlrFIFx4,Baby,483,17,24,21
PTEEGNkoGwR1,Toys,6450,35,30,35
wjG4zdMmY00M,Toys,1350,35,10,35
8o27iVPsjrvn,"Computers Accessories",200,20,20,20
QicUIkxKgoQv,Toys,100,40,2,24
vFw8iSN2CsQv,Toys,650,20,10,15
SLTlrWtcYt1m,Toys,1750,37,22,40
0J6FWtKJKZPh,Toys,200,16,16,16
iz5RuI4rqUr2,Toys,300,20,10,15
uPBJNMGs3rlA,Toys,3270,23,25,16
EAv6srzoFMDf,Toys,1600,45,15,35
a3mZRntsV45M,"Furniture Decor",2350,38,7,28
ccb9eA1g9f30,Toys,1200,16,6,11
MAy2OtY8yrL7,Toys,200,16,10,16
rLGwxYKCoqKl,Toys,150,16,14,11
NA1QJoICFLN3,Toys,850,30,7,30
M64oV89uPt55,Toys,355,34,21,40
wOXCQyEa84Wo,Toys,200,16,16,13
fnpEJmNALuAZ,Toys,275,18,4,12
RfXO1ZDaE9pT,"Garden Tools",335,21,21,16
pbD53MJ92FB3,"Computers Accessories",225,17,17,17
AJLcXru41YHP,Toys,450,38,4,38
vH5OmkNrEX5r,Toys,450,50,3,25
OREzyxIkjqea,Toys,5450,16,65,25
92foFp2lQOKq,Toys,8217,52,52,17
5NN4aSn2Ybqx,Toys,4100,55,16,30
DPjt4BgoDIvK,Toys,283,20,9,15
c6UeAnEOpNLC,Toys,3000,69,11,11
yK9OJ51KokyH,Toys,170,23,5,16
W7kC8m53Wy2I,Stationery,450,38,33,26
HDa2OC89Bx52,"Bed Table",1950,34,9,33
Rnt5FIoVGFCC,"Bed Table",1700,30,23,11
kolBIrC2oCma,Toys,1100,20,10,20
eoM3qFOHAhTh,Toys,3925,39,32,25
Wwo5GtoNJCOi,Toys,4200,105,3,70
R4xh9aw4bYrQ,Toys,150,16,12,15
tPlw2QcQOvKf,"Garden Tools",1800,37,22,40
qHIPdcND3B3h,Toys,1700,45,15,35
Y9RZLlJmz7ht,Toys,125,16,12,12
ZmiOKPfR9AGB,Toys,500,22,14,23
7tqS6Bau0w8J,Toys,650,65,7,11
MlCLsTFAE3LC,Electronics,275,24,9,17
6JdR2V4eeFo4,Toys,133,19,5,13
8Tlb7Xc9LP3L,"Bed Table",1050,35,10,45
IREhNF64vxMV,"Bed Table",4900,42,12,42
VcRU5d314wk8,Toys,16550,22,65,40
5yIXu3d9jCOn,Toys,150,16,2,11
OC0OzjmplmGc,Toys,400,19,13,19
4mUjOeSqlqFo,Toys,1950,85,9,20
WDYLPzn3ZgCz,Toys,600,50,8,105
GyNwDRTPoJkY,Toys,1050,20,15,20
wDJffbvgUaek,Toys,650,25,35,30
1R15phXqnmH4,Toys,200,30,20,20
NOqgXkrXGLi2,Toys,1000,18,9,16
2A5DgdhWSflU,Toys,100,16,16,16
Ma8mLzLpQfm4,"Watches Gifts",381,18,12,15
lavPq51kPxIp,Toys,900,30,16,16
T5kRp0PwLlDE,Toys,150,22,13,15
7IfEqKdKlG9j,Toys,200,16,10,16
MH9n6j80YNds,Toys,950,21,28,21
7Qnric16yaTB,Housewares,150,19,4,11
82DpsHGTLkGB,Toys,444,20,14,16
hCE6JxCTLcfW,Toys,450,23,7,16
qOiDnN39CMGm,Toys,6550,38,30,28
0xTqkxUZ59HB,Toys,310,21,7,15
HQBpiL5jX82T,Toys,5700,39,30,29
6Ww1i7qd1Zqu,"Cool Stuff",1200,42,25,15
nrakn3XUR6rs,Toys,611,26,17,22
CmNuLTfTF12l,Toys,3000,33,12,34
WiLUs0qvpy8o,Stationery,400,21,7,15
k1G4RHt3R7Nk,Toys,950,20,35,20
4x98mNux8R4e,"Bed Table",850,25,5,25
K3hQRgUiJZ1Y,Toys,200,25,42,25
1ptoun76edNw,Toys,400,28,4,18
KMlqZ2p4xOEZ,Baby,13100,38,47,44
Llc34brRaltI,Housewares,950,53,5,13
MJ82dNJNiV7U,Toys,1500,30,5,20
AMKIgKd1s17B,"Health Beauty",200,22,10,18
eLt6OcrXzyhK,Toys,375,31,12,23
va4hsFIWkWKP,Toys,650,34,18,44
9GQoFcKJHapK,"Watches Gifts",269,17,11,13
CQ2cFhdJNHyj,Toys,400,22,16,16
Mfg3BbT4auzn,Toys,1938,48,11,41
r5sWXZC11Bhd,Toys,517,16,12,15
3qDqoMQZIcv9,Toys,467,22,26,22
KdEKS1WStoMh,Toys,13650,55,27,55
MJd5ysuJ9wF1,"Health Beauty",600,33,19,13
sshHeLlP50MP,Toys,411,21,19,19
yzZMZT4B4wla,Toys,250,25,25,25
ggVsTDSzrOiF,Toys,375,30,9,18
0U2d4YlBhRLm,Telephony,167,17,3,17
nv3e2A1n8Vnz,"Bed Table",1000,28,14,16
fdKNYBPuPnsg,Toys,250,22,5,15
kNUHbbLfdrwS,Toys,200,20,5,16
vKhzx0UChCm0,Toys,2050,29,22,24
VBy6T8nuWyMy,Auto,50,17,10,15
bnn8JRrU7ggU,Toys,1800,46,3,34
nQflyEP9dhCR,"Bed Table",1350,46,2,36
qgIqJrmEKyDl,"Sports Leisure",4800,58,10,50
zj1qZieNxcYG,Toys,1250,23,30,15
Vmj4WSQp6SLn,Toys,2300,20,20,20
AOamdoBIUS8p,,10800,40,40,30
PXJu4nJFZjc8,Toys,600,23,23,20
pTx5wvuygQnb,"Consoles Games",250,19,2,14
3rXJB1pLT9aI,Toys,2555,55,17,48
Ybe7AwgRNXGf,Toys,400,40,15,40
RoeF7VbNZvSD,Toys,4750,20,20,20
1oyuOgFKftNf,Toys,300,25,8,20
vPIVB9jj8zpb,"Pet Shop",400,30,20,20
gKL3YNpsBhOB,Toys,500,20,7,14
9RgMq5eVloUQ,Toys,1200,42,25,15
oHSiEtW8xVDE,Toys,900,30,15,15
ze1usclpHC3W,Toys,900,71,13,11
5EFBA7VYOItK,Toys,321,19,14,13
RokqYzTZLpwY,Toys,5400,20,60,50
3GEQnyfaGlv3,Toys,5375,29,31,41
xcpb5KpuEkIT,Toys,546,16,15,15
lLVkjm3sxndi,Toys,1111,29,10,14
4VIws8ixtz0J,Toys,200,25,7,16
JlHY1d72Rkw7,Toys,275,19,13,19
k865yzUY03wU,Toys,1277,30,25,27
bggFJu9gvW1v,Toys,700,16,40,40
70brYYIykOvC,Telephony,651,20,15,22
8ZQs057Gyifd,Toys,400,17,7,13
NcJcwCLSGxst,Toys,1100,28,10,20
wwEOErBAXMlL,Toys,6800,50,25,18
h6QNOjA3PpEv,Toys,1535,10,15,14
lE9WbdyPBdat,Toys,30000,60,30,50
GS9BwRCKDzlt,Toys,900,44,24,31
tGwhBepPZ45x,Toys,1700,16,32,34
RX96lHIvZ4Z3,Toys,940,35,20,48
ikvj9oDuAFhZ,Toys,500,17,5,13
sB3mH3n4QEcI,Toys,1300,50,9,41
b0Q1ZbKwgdbT,Toys,4050,17,11,13
5a1JXL6f8a9f,Toys,600,16,11,16
crzXxuKdn74k,Toys,650,16,11,16
oyM1ldJVlFfQ,"Fixed Telephony",455,36,18,27
NC6oQrQwQvei,Toys,150,18,12,15
LF2g0EHpUTtX,Toys,1050,22,22,24
JUZSyxq6s6nI,Toys,400,20,12,15
MXfRU6BvSbFp,"Cool Stuff",15350,47,40,47
VIIt5eLqLkfs,Housewares,100,16,7,20
2NDHjxdUzmLC,Toys,6550,30,30,30
zVkMIgraNdQJ,Toys,1100,37,12,22
wEXYeIBMtNpz,Toys,1700,65,6,50
YAzQjmRMRlG7,Toys,200,16,6,14
GIOe55bN5zfR,Stationery,1900,18,38,30
s05SU4q1W3Zo,Toys,1000,45,16,16
CuqxUUSo2gjG,Toys,350,50,8,40
JMO1fdiVTpU8,Toys,1750,30,20,25
gE0Ng0Nz1FlV,Toys,321,20,12,15
BL0IdYKkkOEh,"Home Appliances",3100,64,6,55
38X7M6DglDOS,Toys,483,31,6,23
TSiXEdhui0cR,Toys,1150,18,18,18
JGMr0GHn80XX,Toys,200,16,2,11
B3mZwwzGUQD3,Toys,200,23,7,15
STviC1nORDKn,Toys,500,33,10,18
jWXXcQ3wjzxy,Toys,9950,61,31,31
xAU5QJnI3NSi,Toys,400,18,11,20
Q4LpsUu8oPX2,"Fashion Accessories",350,16,2,20
xPqE62V8h5wN,"Luggage Accessories",500,22,46,34
TYy66tRmsXw2,"Computers Accessories",100,16,6,14
pzW4oNLHaz8z,Toys,2050,34,8,32
USrWNwdVuUhu,Electronics,1250,26,10,18
n3OI7HZhXTf7,Toys,950,35,25,20
oW6KDobidlmB,Toys,950,45,15,35
1ejz74kqPoah,Toys,3600,23,9,30
2m67LSn6k958,Toys,250,40,4,30
jjzQQIFn3Omt,Toys,100,16,5,16
oKDdRwlUueKX,Toys,400,18,19,14
7hhpU4dSXEu1,Toys,12650,54,54,18
az8d3enZ8O98,Toys,662,21,26,18
VE1XRfifT9hb,"Luggage Accessories",450,24,47,34
qDgjT36KwfcF,"Furniture Decor",2500,40,10,30
UgkSjxoiV9Ev,Toys,2600,50,10,30
HheKJihhY97L,Toys,5700,85,10,40
OVYWddkNGrhm,"Bed Table",200,20,12,20
VZlmrp3aFX6s,Toys,5850,39,19,40
wV1fdAiCBWE2,Construction_tools_construction,250,19,5,13
pIsDRb4xbzyD,"Watches Gifts",350,16,14,11
T9KTMb4C9zZp,Toys,1100,30,30,20
utgXA20AK5t4,Toys,625,21,19,16
UgkSjxoiV9Ev,Toys,2600,50,10,30
ztEoP22HkfQ2,Telephony,300,17,4,12
DulvQqZRPaes,"Home Construction",1000,16,20,16
Rl1QtRCYvGT6,Toys,300,25,20,20
IB95bcrh1qzc,Toys,6550,30,30,30
4t6sNngTPh2R,Toys,150,16,16,20
GxzsTGgafDeP,"Computers Accessories",2000,33,33,16
GLHMptKfn5EI,Toys,325,17,18,12
sE9S7qbg7VBw,Toys,700,42,25,15
wVwH5dEGPAav,Toys,267,18,13,15
tpTqWy4WhVrz,Toys,200,20,15,15
1pygyHBMo59v,Toys,450,25,9,19
HdCaRtiFvTng,Toys,400,16,10,20
DJAw3D8Kp0jg,Toys,1150,16,8,45
R2u3pJSgF7Gr,Toys,200,19,9,12
zEJjfNqfAWjE,Toys,1400,26,13,35
XgCi8TVb6ViA,"Sports Leisure",28500,105,65,25
JokhvBrTgAXW,Toys,350,16,5,20
NJViTnKS7TMz,Toys,750,16,15,15
O8VAP4NditKw,Stationery,150,16,5,15
zzddahYAwwwB,Toys,1400,40,30,25
JPJ66l1zE5Yh,Toys,283,24,23,20
7vKaHpfWLlVA,Toys,100,18,6,11
TN3NRnvzVWNz,Toys,2775,60,21,25
8JMH4ASR8QMP,Toys,350,40,10,40
UNzs0JKb9gmh,Toys,3200,23,23,23
mOlbd2WF5juC,Toys,450,16,3,15
JSf9OtrZlVSW,"Health Beauty",1200,21,13,19
MSmCeIbvhMZb,Toys,1150,18,18,11
EG4wDSpFyTth,"Health Beauty",250,22,10,18
xyXKcJH3J6FU,"Air Conditioning",1300,30,10,30
pIsDRb4xbzyD,"Watches Gifts",350,16,14,11
l4Ak1k8MYyLW,Toys,262,17,12,14
memIzAEYdA8p,"Furniture Decor",7950,30,35,30
gPcgQy5PcZcR,Toys,1250,45,10,15
SEFx0R6NfWEE,Toys,500,18,7,12
0TeOsTljJM6v,Toys,100,17,10,15
hn7szEJHw5LE,Toys,792,19,14,16
E0QSlTdweClO,Toys,255,24,23,14
iyeaoVycQnbf,Toys,600,17,4,22
T58tBW6zFi3S,Toys,2200,30,35,30
Cf0ozOaWfJyb,Toys,200,25,5,15
8hDSu1ubFo2B,"Health Beauty",550,17,9,13
460vd65eDN6B,Toys,183,17,14,13
oZpO3847XlEu,Toys,600,48,10,48
rClYm5lhg17E,"Cool Stuff",500,27,10,15
yYbfrsBO1NCj,Telephony,300,17,4,12
AMKIgKd1s17B,"Health Beauty",200,22,10,18
